create table country(
	id			bigint not null primary key,
	name		character varying(128) not null
)
	
create table region(
	id			bigint not null primary key,
	country_id	bigint not null REFERENCES country (id),
	name		character varying(128) not null
)
	
create table city(
	id			bigint not null primary key,
	region_id	bigint not null REFERENCES region (id),
	name		character varying(128) not null
)

insert into country(id, name) values (0, 'Россия');
insert into country(id, name) values (1, 'Украина');
insert into country(id, name) values (2, 'Абхазия');
insert into country(id, name) values (3, 'Австралия');
insert into country(id, name) values (4, 'Австрия');
insert into country(id, name) values (5, 'Азербайджан');
insert into country(id, name) values (6, 'Албания');
insert into country(id, name) values (7, 'Алжир');
insert into country(id, name) values (8, 'Ангола');
insert into country(id, name) values (9, 'Ангуилья');
insert into country(id, name) values (10, 'Андорра');
insert into country(id, name) values (11, 'Антигуа и Барбуда');
insert into country(id, name) values (12, 'Антильские о-ва');
insert into country(id, name) values (13, 'Аргентина');
insert into country(id, name) values (14, 'Армения');
insert into country(id, name) values (15, 'Арулько');
insert into country(id, name) values (16, 'Афганистан');
insert into country(id, name) values (17, 'Багамские о-ва');
insert into country(id, name) values (18, 'Бангладеш');
insert into country(id, name) values (19, 'Барбадос');
insert into country(id, name) values (20, 'Бахрейн');
insert into country(id, name) values (21, 'Беларусь');
insert into country(id, name) values (22, 'Белиз');
insert into country(id, name) values (23, 'Бельгия');
insert into country(id, name) values (24, 'Бенин');
insert into country(id, name) values (25, 'Бермуды');
insert into country(id, name) values (26, 'Болгария');
insert into country(id, name) values (27, 'Боливия');
insert into country(id, name) values (28, 'Босния/Герцеговина');
insert into country(id, name) values (29, 'Ботсвана');
insert into country(id, name) values (30, 'Бразилия');
insert into country(id, name) values (31, 'Британские Виргинские о-ва');
insert into country(id, name) values (32, 'Бруней');
insert into country(id, name) values (33, 'Буркина Фасо');
insert into country(id, name) values (34, 'Бурунди');
insert into country(id, name) values (35, 'Бутан');
insert into country(id, name) values (36, 'Валлис и Футуна о-ва');
insert into country(id, name) values (37, 'Вануату');
insert into country(id, name) values (38, 'Великобритания');
insert into country(id, name) values (39, 'Венгрия');
insert into country(id, name) values (40, 'Венесуэла');
insert into country(id, name) values (41, 'Восточный Тимор');
insert into country(id, name) values (42, 'Вьетнам');
insert into country(id, name) values (43, 'Габон');
insert into country(id, name) values (44, 'Гаити');
insert into country(id, name) values (45, 'Гайана');
insert into country(id, name) values (46, 'Гамбия');
insert into country(id, name) values (47, 'Гана');
insert into country(id, name) values (48, 'Гваделупа');
insert into country(id, name) values (49, 'Гватемала');
insert into country(id, name) values (50, 'Гвинея');
insert into country(id, name) values (51, 'Гвинея-Бисау');
insert into country(id, name) values (52, 'Германия');
insert into country(id, name) values (53, 'Гернси о-в');
insert into country(id, name) values (54, 'Гибралтар');
insert into country(id, name) values (55, 'Гондурас');
insert into country(id, name) values (56, 'Гонконг');
insert into country(id, name) values (57, 'Гренада');
insert into country(id, name) values (58, 'Гренландия');
insert into country(id, name) values (59, 'Греция');
insert into country(id, name) values (60, 'Грузия');
insert into country(id, name) values (61, 'Дания');
insert into country(id, name) values (62, 'Джерси о-в');
insert into country(id, name) values (63, 'Джибути');
insert into country(id, name) values (64, 'Доминиканская республика');
insert into country(id, name) values (65, 'Египет');
insert into country(id, name) values (66, 'Замбия');
insert into country(id, name) values (67, 'Западная Сахара');
insert into country(id, name) values (68, 'Зимбабве');
insert into country(id, name) values (69, 'Израиль');
insert into country(id, name) values (70, 'Индия');
insert into country(id, name) values (71, 'Индонезия');
insert into country(id, name) values (72, 'Иордания');
insert into country(id, name) values (73, 'Ирак');
insert into country(id, name) values (74, 'Иран');
insert into country(id, name) values (75, 'Ирландия');
insert into country(id, name) values (76, 'Исландия');
insert into country(id, name) values (77, 'Испания');
insert into country(id, name) values (78, 'Италия');
insert into country(id, name) values (79, 'Йемен');
insert into country(id, name) values (80, 'Кабо-Верде');
insert into country(id, name) values (81, 'Казахстан');
insert into country(id, name) values (82, 'Камбоджа');
insert into country(id, name) values (83, 'Камерун');
insert into country(id, name) values (84, 'Канада');
insert into country(id, name) values (85, 'Катар');
insert into country(id, name) values (86, 'Кения');
insert into country(id, name) values (87, 'Кипр');
insert into country(id, name) values (88, 'Кирибати');
insert into country(id, name) values (89, 'Китай');
insert into country(id, name) values (90, 'Колумбия');
insert into country(id, name) values (91, 'Коморские о-ва');
insert into country(id, name) values (92, 'Конго (Brazzaville)');
insert into country(id, name) values (93, 'Конго (Kinshasa)');
insert into country(id, name) values (94, 'Коста-Рика');
insert into country(id, name) values (95, 'Кот-д''''Ивуар');
insert into country(id, name) values (96, 'Куба');
insert into country(id, name) values (97, 'Кувейт');
insert into country(id, name) values (98, 'Кука о-ва');
insert into country(id, name) values (99, 'Кыргызстан');
insert into country(id, name) values (100, 'Лаос');
insert into country(id, name) values (101, 'Латвия');
insert into country(id, name) values (102, 'Лесото');
insert into country(id, name) values (103, 'Либерия');
insert into country(id, name) values (104, 'Ливан');
insert into country(id, name) values (105, 'Ливия');
insert into country(id, name) values (106, 'Литва');
insert into country(id, name) values (107, 'Лихтенштейн');
insert into country(id, name) values (108, 'Люксембург');
insert into country(id, name) values (109, 'Маврикий');
insert into country(id, name) values (110, 'Мавритания');
insert into country(id, name) values (111, 'Мадагаскар');
insert into country(id, name) values (112, 'Македония');
insert into country(id, name) values (113, 'Малави');
insert into country(id, name) values (114, 'Малайзия');
insert into country(id, name) values (115, 'Мали');
insert into country(id, name) values (116, 'Мальдивские о-ва');
insert into country(id, name) values (117, 'Мальта');
insert into country(id, name) values (118, 'Мартиника о-в');
insert into country(id, name) values (119, 'Мексика');
insert into country(id, name) values (120, 'Мозамбик');
insert into country(id, name) values (121, 'Молдова');
insert into country(id, name) values (122, 'Монако');
insert into country(id, name) values (123, 'Монголия');
insert into country(id, name) values (124, 'Марокко');
insert into country(id, name) values (125, 'Мьянма (Бирма)');
insert into country(id, name) values (126, 'Мэн о-в');
insert into country(id, name) values (127, 'Намибия');
insert into country(id, name) values (128, 'Науру');
insert into country(id, name) values (129, 'Непал');
insert into country(id, name) values (130, 'Нигер');
insert into country(id, name) values (131, 'Нигерия');
insert into country(id, name) values (132, 'Нидерланды (Голландия)');
insert into country(id, name) values (133, 'Никарагуа');
insert into country(id, name) values (134, 'Новая Зеландия');
insert into country(id, name) values (135, 'Новая Каледония о-в');
insert into country(id, name) values (136, 'Норвегия');
insert into country(id, name) values (137, 'Норфолк о-в');
insert into country(id, name) values (138, 'О.А.Э.');
insert into country(id, name) values (139, 'Оман');
insert into country(id, name) values (140, 'Пакистан');
insert into country(id, name) values (141, 'Панама');
insert into country(id, name) values (142, 'Папуа Новая Гвинея');
insert into country(id, name) values (143, 'Парагвай');
insert into country(id, name) values (144, 'Перу');
insert into country(id, name) values (145, 'Питкэрн о-в');
insert into country(id, name) values (146, 'Польша');
insert into country(id, name) values (147, 'Португалия');
insert into country(id, name) values (148, 'Пуэрто Рико');
insert into country(id, name) values (149, 'Реюньон');
insert into country(id, name) values (150, 'Руанда');
insert into country(id, name) values (151, 'Румыния');
insert into country(id, name) values (152, 'США');
insert into country(id, name) values (153, 'Сальвадор');
insert into country(id, name) values (154, 'Самоа');
insert into country(id, name) values (155, 'Сан-Марино');
insert into country(id, name) values (156, 'Сан-Томе и Принсипи');
insert into country(id, name) values (157, 'Саудовская Аравия');
insert into country(id, name) values (158, 'Свазиленд');
insert into country(id, name) values (159, 'Святая Люсия');
insert into country(id, name) values (160, 'Святой Елены о-в');
insert into country(id, name) values (161, 'Северная Корея');
insert into country(id, name) values (162, 'Сейшеллы');
insert into country(id, name) values (163, 'Сен-Пьер и Микелон');
insert into country(id, name) values (164, 'Сенегал');
insert into country(id, name) values (165, 'Сент Китс и Невис');
insert into country(id, name) values (166, 'Сент-Винсент и Гренадины');
insert into country(id, name) values (167, 'Сербия');
insert into country(id, name) values (168, 'Сингапур');
insert into country(id, name) values (169, 'Сирия');
insert into country(id, name) values (170, 'Словакия');
insert into country(id, name) values (171, 'Словения');
insert into country(id, name) values (172, 'Соломоновы о-ва');
insert into country(id, name) values (173, 'Сомали');
insert into country(id, name) values (174, 'Судан');
insert into country(id, name) values (175, 'Суринам');
insert into country(id, name) values (176, 'Сьерра-Леоне');
insert into country(id, name) values (177, 'Таджикистан');
insert into country(id, name) values (178, 'Тайвань');
insert into country(id, name) values (179, 'Таиланд');
insert into country(id, name) values (180, 'Танзания');
insert into country(id, name) values (181, 'Того');
insert into country(id, name) values (182, 'Токелау о-ва');
insert into country(id, name) values (183, 'Тонга');
insert into country(id, name) values (184, 'Тринидад и Тобаго');
insert into country(id, name) values (185, 'Тувалу');
insert into country(id, name) values (186, 'Тунис');
insert into country(id, name) values (187, 'Туркменистан');
insert into country(id, name) values (188, 'Туркс и Кейкос');
insert into country(id, name) values (189, 'Турция');
insert into country(id, name) values (190, 'Уганда');
insert into country(id, name) values (191, 'Узбекистан');
insert into country(id, name) values (192, 'Уругвай');
insert into country(id, name) values (193, 'Фарерские о-ва');
insert into country(id, name) values (194, 'Фиджи');
insert into country(id, name) values (195, 'Филиппины');
insert into country(id, name) values (196, 'Финляндия');
insert into country(id, name) values (197, 'Франция');
insert into country(id, name) values (198, 'Французская Гвинея');
insert into country(id, name) values (199, 'Французская Полинезия');
insert into country(id, name) values (200, 'Хорватия');
insert into country(id, name) values (201, 'Чад');
insert into country(id, name) values (202, 'Черногория');
insert into country(id, name) values (203, 'Чехия');
insert into country(id, name) values (204, 'Чили');
insert into country(id, name) values (205, 'Швейцария');
insert into country(id, name) values (206, 'Швеция');
insert into country(id, name) values (207, 'Шри-Ланка');
insert into country(id, name) values (208, 'Эквадор');
insert into country(id, name) values (209, 'Экваториальная Гвинея');
insert into country(id, name) values (210, 'Эритрея');
insert into country(id, name) values (211, 'Эстония');
insert into country(id, name) values (212, 'Эфиопия');
insert into country(id, name) values (213, 'ЮАР');
insert into country(id, name) values (214, 'Южная Корея');
insert into country(id, name) values (215, 'Южная Осетия');
insert into country(id, name) values (216, 'Ямайка');
insert into country(id, name) values (217, 'Япония');
insert into region(id, country_id, name) values (0, 0, 'Москва и Московская обл.');
insert into region(id, country_id, name) values (1, 0, 'Санкт-Петербург и область');
insert into region(id, country_id, name) values (2, 0, 'Адыгея');
insert into region(id, country_id, name) values (3, 0, 'Алтайский край');
insert into region(id, country_id, name) values (4, 0, 'Амурская обл.');
insert into region(id, country_id, name) values (5, 0, 'Архангельская обл.');
insert into region(id, country_id, name) values (6, 0, 'Астраханская обл.');
insert into region(id, country_id, name) values (7, 0, 'Башкортостан(Башкирия)');
insert into region(id, country_id, name) values (8, 0, 'Белгородская обл.');
insert into region(id, country_id, name) values (9, 0, 'Брянская обл.');
insert into region(id, country_id, name) values (10, 0, 'Бурятия');
insert into region(id, country_id, name) values (11, 0, 'Владимирская обл.');
insert into region(id, country_id, name) values (12, 0, 'Волгоградская обл.');
insert into region(id, country_id, name) values (13, 0, 'Вологодская обл.');
insert into region(id, country_id, name) values (14, 0, 'Воронежская обл.');
insert into region(id, country_id, name) values (15, 0, 'Дагестан');
insert into region(id, country_id, name) values (16, 0, 'Еврейская обл.');
insert into region(id, country_id, name) values (17, 0, 'Ивановская обл.');
insert into region(id, country_id, name) values (18, 0, 'Иркутская обл.');
insert into region(id, country_id, name) values (19, 0, 'Кабардино-Балкария');
insert into region(id, country_id, name) values (20, 0, 'Калининградская обл.');
insert into region(id, country_id, name) values (21, 0, 'Калмыкия');
insert into region(id, country_id, name) values (22, 0, 'Калужская обл.');
insert into region(id, country_id, name) values (23, 0, 'Камчатская обл.');
insert into region(id, country_id, name) values (24, 0, 'Карелия');
insert into region(id, country_id, name) values (25, 0, 'Кемеровская обл.');
insert into region(id, country_id, name) values (26, 0, 'Кировская обл.');
insert into region(id, country_id, name) values (27, 0, 'Коми');
insert into region(id, country_id, name) values (28, 0, 'Костромская обл.');
insert into region(id, country_id, name) values (29, 0, 'Краснодарский край');
insert into region(id, country_id, name) values (30, 0, 'Красноярский край');
insert into region(id, country_id, name) values (31, 0, 'Курганская обл.');
insert into region(id, country_id, name) values (32, 0, 'Курская обл.');
insert into region(id, country_id, name) values (33, 0, 'Липецкая обл.');
insert into region(id, country_id, name) values (34, 0, 'Магаданская обл.');
insert into region(id, country_id, name) values (35, 0, 'Марий Эл');
insert into region(id, country_id, name) values (36, 0, 'Мордовия');
insert into region(id, country_id, name) values (37, 0, 'Мурманская обл.');
insert into region(id, country_id, name) values (38, 0, 'Нижегородская (Горьковская)');
insert into region(id, country_id, name) values (39, 0, 'Новгородская обл.');
insert into region(id, country_id, name) values (40, 0, 'Новосибирская обл.');
insert into region(id, country_id, name) values (41, 0, 'Омская обл.');
insert into region(id, country_id, name) values (42, 0, 'Оренбургская обл.');
insert into region(id, country_id, name) values (43, 0, 'Орловская обл.');
insert into region(id, country_id, name) values (44, 0, 'Пензенская обл.');
insert into region(id, country_id, name) values (45, 0, 'Пермский край');
insert into region(id, country_id, name) values (46, 0, 'Приморский край');
insert into region(id, country_id, name) values (47, 0, 'Псковская обл.');
insert into region(id, country_id, name) values (48, 0, 'Ростовская обл.');
insert into region(id, country_id, name) values (49, 0, 'Рязанская обл.');
insert into region(id, country_id, name) values (50, 0, 'Самарская обл.');
insert into region(id, country_id, name) values (51, 0, 'Саратовская обл.');
insert into region(id, country_id, name) values (52, 0, 'Саха (Якутия)');
insert into region(id, country_id, name) values (53, 0, 'Сахалин');
insert into region(id, country_id, name) values (54, 0, 'Свердловская обл.');
insert into region(id, country_id, name) values (55, 0, 'Северная Осетия');
insert into region(id, country_id, name) values (56, 0, 'Смоленская обл.');
insert into region(id, country_id, name) values (57, 0, 'Ставропольский край');
insert into region(id, country_id, name) values (58, 0, 'Тамбовская обл.');
insert into region(id, country_id, name) values (59, 0, 'Татарстан');
insert into region(id, country_id, name) values (60, 0, 'Тверская обл.');
insert into region(id, country_id, name) values (61, 0, 'Томская обл.');
insert into region(id, country_id, name) values (62, 0, 'Тува (Тувинская Респ.)');
insert into region(id, country_id, name) values (63, 0, 'Тульская обл.');
insert into region(id, country_id, name) values (64, 0, 'Тюменская обл. и Ханты-Мансийский АО');
insert into region(id, country_id, name) values (65, 0, 'Удмуртия');
insert into region(id, country_id, name) values (66, 0, 'Ульяновская обл.');
insert into region(id, country_id, name) values (67, 0, 'Уральская обл.');
insert into region(id, country_id, name) values (68, 0, 'Хабаровский край');
insert into region(id, country_id, name) values (69, 0, 'Хакасия');
insert into region(id, country_id, name) values (70, 0, 'Челябинская обл.');
insert into region(id, country_id, name) values (71, 0, 'Чечено-Ингушетия');
insert into region(id, country_id, name) values (72, 0, 'Читинская обл.');
insert into region(id, country_id, name) values (73, 0, 'Чувашия');
insert into region(id, country_id, name) values (74, 0, 'Чукотский АО');
insert into region(id, country_id, name) values (75, 0, 'Ямало-Ненецкий АО');
insert into region(id, country_id, name) values (76, 0, 'Ярославская обл.');
insert into region(id, country_id, name) values (77, 0, 'Карачаево-Черкесская Республика');
insert into city(region_id, name) values (0, 'Москва');
insert into city(region_id, name) values (0, 'Абрамцево');
insert into city(region_id, name) values (0, 'Алабино');
insert into city(region_id, name) values (0, 'Апрелевка');
insert into city(region_id, name) values (0, 'Архангельское');
insert into city(region_id, name) values (0, 'Ашитково');
insert into city(region_id, name) values (0, 'Байконур');
insert into city(region_id, name) values (0, 'Бакшеево');
insert into city(region_id, name) values (0, 'Балашиха');
insert into city(region_id, name) values (0, 'Барыбино');
insert into city(region_id, name) values (0, 'Белозёрский');
insert into city(region_id, name) values (0, 'Белоомут');
insert into city(region_id, name) values (0, 'Белые Столбы');
insert into city(region_id, name) values (0, 'Бородино (Московская обл.)');
insert into city(region_id, name) values (0, 'Бронницы');
insert into city(region_id, name) values (0, 'Быково (Московская обл.)');
insert into city(region_id, name) values (0, 'Валуево');
insert into city(region_id, name) values (0, 'Вербилки');
insert into city(region_id, name) values (0, 'Верея');
insert into city(region_id, name) values (0, 'Видное');
insert into city(region_id, name) values (0, 'Внуково');
insert into city(region_id, name) values (0, 'Вождь Пролетариата');
insert into city(region_id, name) values (0, 'Волоколамск');
insert into city(region_id, name) values (0, 'Вороново');
insert into city(region_id, name) values (0, 'Воскресенск');
insert into city(region_id, name) values (0, 'Восточный');
insert into city(region_id, name) values (0, 'Востряково');
insert into city(region_id, name) values (0, 'Высоковск');
insert into city(region_id, name) values (0, 'Голицыно (Московская обл.)');
insert into city(region_id, name) values (0, 'Деденево');
insert into city(region_id, name) values (0, 'Дедовск');
insert into city(region_id, name) values (0, 'Дзержинский');
insert into city(region_id, name) values (0, 'Дмитров');
insert into city(region_id, name) values (0, 'Долгопрудный');
insert into city(region_id, name) values (0, 'Домодедово');
insert into city(region_id, name) values (0, 'Дорохово');
insert into city(region_id, name) values (0, 'Дрезна');
insert into city(region_id, name) values (0, 'Дубки');
insert into city(region_id, name) values (0, 'Дубна');
insert into city(region_id, name) values (0, 'Егорьевск');
insert into city(region_id, name) values (0, 'Железнодорожный (Московск.)');
insert into city(region_id, name) values (0, 'Жилево');
insert into city(region_id, name) values (0, 'Жуковка');
insert into city(region_id, name) values (0, 'Жуковский');
insert into city(region_id, name) values (0, 'Загорск');
insert into city(region_id, name) values (0, 'Загорянский');
insert into city(region_id, name) values (0, 'Запрудная');
insert into city(region_id, name) values (0, 'Зарайск');
insert into city(region_id, name) values (0, 'Звенигород');
insert into city(region_id, name) values (0, 'Зеленоград');
insert into city(region_id, name) values (0, 'Ивантеевка (Московская обл.)');
insert into city(region_id, name) values (0, 'Икша');
insert into city(region_id, name) values (0, 'Ильинский (Московская обл.)');
insert into city(region_id, name) values (0, 'Истра');
insert into city(region_id, name) values (0, 'Калининец');
insert into city(region_id, name) values (0, 'Кашира');
insert into city(region_id, name) values (0, 'Керва');
insert into city(region_id, name) values (0, 'Климовск');
insert into city(region_id, name) values (0, 'Клин');
insert into city(region_id, name) values (0, 'Клязьма');
insert into city(region_id, name) values (0, 'Кожино');
insert into city(region_id, name) values (0, 'Кокошкино');
insert into city(region_id, name) values (0, 'Коломна');
insert into city(region_id, name) values (0, 'Колюбакино');
insert into city(region_id, name) values (0, 'Королев');
insert into city(region_id, name) values (0, 'Косино');
insert into city(region_id, name) values (0, 'Котельники');
insert into city(region_id, name) values (0, 'Красково');
insert into city(region_id, name) values (0, 'Красноармейск (Московская обл.)');
insert into city(region_id, name) values (0, 'Красногорск');
insert into city(region_id, name) values (0, 'Краснозаводск');
insert into city(region_id, name) values (0, 'Краснознаменск (Московская обл.)');
insert into city(region_id, name) values (0, 'Красный Ткач');
insert into city(region_id, name) values (0, 'Крюково');
insert into city(region_id, name) values (0, 'Кубинка');
insert into city(region_id, name) values (0, 'Купавна');
insert into city(region_id, name) values (0, 'Куровское');
insert into city(region_id, name) values (0, 'Лесной Городок');
insert into city(region_id, name) values (0, 'Ликино-Дулево');
insert into city(region_id, name) values (0, 'Лобня');
insert into city(region_id, name) values (0, 'Лопатинский');
insert into city(region_id, name) values (0, 'Лосино-Петровский');
insert into city(region_id, name) values (0, 'Лотошино');
insert into city(region_id, name) values (0, 'Лукино');
insert into city(region_id, name) values (0, 'Луховицы');
insert into city(region_id, name) values (0, 'Лыткарино');
insert into city(region_id, name) values (0, 'Львовский');
insert into city(region_id, name) values (0, 'Люберцы');
insert into city(region_id, name) values (0, 'Малаховка');
insert into city(region_id, name) values (0, 'Михайловское');
insert into city(region_id, name) values (0, 'Михнево');
insert into city(region_id, name) values (0, 'Можайск');
insert into city(region_id, name) values (0, 'Монино');
insert into city(region_id, name) values (0, 'Московский');
insert into city(region_id, name) values (0, 'Муханово');
insert into city(region_id, name) values (0, 'Мытищи');
insert into city(region_id, name) values (0, 'Нарофоминск');
insert into city(region_id, name) values (0, 'Нахабино');
insert into city(region_id, name) values (0, 'Некрасовка');
insert into city(region_id, name) values (0, 'Немчиновка');
insert into city(region_id, name) values (0, 'Новобратцевский');
insert into city(region_id, name) values (0, 'Новоподрезково');
insert into city(region_id, name) values (0, 'Ногинск');
insert into city(region_id, name) values (0, 'Обухово');
insert into city(region_id, name) values (0, 'Одинцово');
insert into city(region_id, name) values (0, 'Ожерелье');
insert into city(region_id, name) values (0, 'Озеры');
insert into city(region_id, name) values (0, 'Октябрьский (Московская обл.)');
insert into city(region_id, name) values (0, 'Опалиха');
insert into city(region_id, name) values (0, 'Орехово-Зуево');
insert into city(region_id, name) values (0, 'Павловский Посад');
insert into city(region_id, name) values (0, 'Первомайский (Московская обл.)');
insert into city(region_id, name) values (0, 'Пески (Московская обл.)');
insert into city(region_id, name) values (0, 'Пироговский');
insert into city(region_id, name) values (0, 'Подольск');
insert into city(region_id, name) values (0, 'Полушкино');
insert into city(region_id, name) values (0, 'Правдинский');
insert into city(region_id, name) values (0, 'Привокзальный');
insert into city(region_id, name) values (0, 'Пролетарский');
insert into city(region_id, name) values (0, 'Протвино (Московская обл.)');
insert into city(region_id, name) values (0, 'Пушкино');
insert into city(region_id, name) values (0, 'Пущино');
insert into city(region_id, name) values (0, 'Раменское');
insert into city(region_id, name) values (0, 'Реутов');
insert into city(region_id, name) values (0, 'Решетниково');
insert into city(region_id, name) values (0, 'Родники (Московская обл.)');
insert into city(region_id, name) values (0, 'Рошаль');
insert into city(region_id, name) values (0, 'Рублево');
insert into city(region_id, name) values (0, 'Руза');
insert into city(region_id, name) values (0, 'Салтыковка');
insert into city(region_id, name) values (0, 'Северный');
insert into city(region_id, name) values (0, 'Сергиев Посад');
insert into city(region_id, name) values (0, 'Серебряные Пруды');
insert into city(region_id, name) values (0, 'Серпухов');
insert into city(region_id, name) values (0, 'Солнечногорск');
insert into city(region_id, name) values (0, 'Солнцево');
insert into city(region_id, name) values (0, 'Софрино');
insert into city(region_id, name) values (0, 'Старая Купавна');
insert into city(region_id, name) values (0, 'Старбеево');
insert into city(region_id, name) values (0, 'Ступино');
insert into city(region_id, name) values (0, 'Сходня');
insert into city(region_id, name) values (0, 'Талдом');
insert into city(region_id, name) values (0, 'Текстильщик');
insert into city(region_id, name) values (0, 'Темпы');
insert into city(region_id, name) values (0, 'Томилино');
insert into city(region_id, name) values (0, 'Троицк');
insert into city(region_id, name) values (0, 'Туголесский Бор');
insert into city(region_id, name) values (0, 'Тучково');
insert into city(region_id, name) values (0, 'Уваровка');
insert into city(region_id, name) values (0, 'Удельная');
insert into city(region_id, name) values (0, 'Успенское');
insert into city(region_id, name) values (0, 'Фирсановка');
insert into city(region_id, name) values (0, 'Фрязино');
insert into city(region_id, name) values (0, 'Фряново');
insert into city(region_id, name) values (0, 'Химки');
insert into city(region_id, name) values (0, 'Хотьково');
insert into city(region_id, name) values (0, 'Черкизово');
insert into city(region_id, name) values (0, 'Черноголовка');
insert into city(region_id, name) values (0, 'Черусти');
insert into city(region_id, name) values (0, 'Чехов');
insert into city(region_id, name) values (0, 'Шарапово');
insert into city(region_id, name) values (0, 'Шатура');
insert into city(region_id, name) values (0, 'Шатурторф');
insert into city(region_id, name) values (0, 'Шаховская');
insert into city(region_id, name) values (0, 'Шереметьевский');
insert into city(region_id, name) values (0, 'Щелково');
insert into city(region_id, name) values (0, 'Щербинка');
insert into city(region_id, name) values (0, 'Электрогорск');
insert into city(region_id, name) values (0, 'Электросталь');
insert into city(region_id, name) values (0, 'Электроугли');
insert into city(region_id, name) values (0, 'Юбилейный (Московская обл.)');
insert into city(region_id, name) values (0, 'Яхрома');
insert into region(id, country_id, name) values (78, 1, 'Винницкая обл.');
insert into region(id, country_id, name) values (79, 1, 'Волынская обл.');
insert into region(id, country_id, name) values (80, 1, 'Днепропетровская обл.');
insert into region(id, country_id, name) values (81, 1, 'Донецкая обл.');
insert into region(id, country_id, name) values (82, 1, 'Житомирская обл.');
insert into region(id, country_id, name) values (83, 1, 'Закарпатская обл.');
insert into region(id, country_id, name) values (84, 1, 'Запорожская обл.');
insert into region(id, country_id, name) values (85, 1, 'Ивано-Франковская обл.');
insert into region(id, country_id, name) values (86, 1, 'Киевская обл.');
insert into region(id, country_id, name) values (87, 1, 'Кировоградская обл.');
insert into region(id, country_id, name) values (88, 0, 'Крым АР.');
insert into region(id, country_id, name) values (89, 1, 'Луганская обл.');
insert into region(id, country_id, name) values (90, 1, 'Львовская обл.');
insert into region(id, country_id, name) values (91, 1, 'Николаевская обл.');
insert into region(id, country_id, name) values (92, 1, 'Одесская обл.');
insert into region(id, country_id, name) values (93, 1, 'Полтавская обл.');
insert into region(id, country_id, name) values (94, 1, 'Ровенская обл.');
insert into region(id, country_id, name) values (95, 1, 'Сумская обл.');
insert into region(id, country_id, name) values (96, 1, 'Тернопольская обл.');
insert into region(id, country_id, name) values (97, 1, 'Украина');
insert into region(id, country_id, name) values (98, 1, 'Харьковская обл.');
insert into region(id, country_id, name) values (99, 1, 'Херсонская обл.');
insert into region(id, country_id, name) values (100, 1, 'Хмельницкая обл.');
insert into region(id, country_id, name) values (101, 1, 'Черкасская обл.');
insert into region(id, country_id, name) values (102, 1, 'Черниговская обл.');
insert into region(id, country_id, name) values (103, 1, 'Черновицкая обл.');
insert into city(region_id, name) values (1, 'Санкт-Петербург');
insert into city(region_id, name) values (1, 'Александровская');
insert into city(region_id, name) values (1, 'Бокситогорск');
insert into city(region_id, name) values (1, 'Большая Ижора');
insert into city(region_id, name) values (1, 'Будогощь');
insert into city(region_id, name) values (1, 'Вознесенье');
insert into city(region_id, name) values (1, 'Волосово');
insert into city(region_id, name) values (1, 'Волхов');
insert into city(region_id, name) values (1, 'Всеволожск');
insert into city(region_id, name) values (1, 'Выборг');
insert into city(region_id, name) values (1, 'Вырица');
insert into city(region_id, name) values (1, 'Высоцк');
insert into city(region_id, name) values (1, 'Гатчина');
insert into city(region_id, name) values (1, 'Дружная Горка');
insert into city(region_id, name) values (1, 'Дубровка');
insert into city(region_id, name) values (1, 'Ефимовский');
insert into city(region_id, name) values (1, 'Зеленогорск (Ленинградская обл.)');
insert into city(region_id, name) values (1, 'Ивангород');
insert into city(region_id, name) values (1, 'Каменногорск');
insert into city(region_id, name) values (1, 'Кикерино');
insert into city(region_id, name) values (1, 'Кингисепп');
insert into city(region_id, name) values (1, 'Кириши');
insert into city(region_id, name) values (1, 'Кировск');
insert into city(region_id, name) values (1, 'Кобринское');
insert into city(region_id, name) values (1, 'Колпино');
insert into city(region_id, name) values (1, 'Коммунар');
insert into city(region_id, name) values (1, 'Коммунар');
insert into city(region_id, name) values (1, 'Кронштадт');
insert into city(region_id, name) values (1, 'Лисий Нос');
insert into city(region_id, name) values (1, 'Лодейное Поле');
insert into city(region_id, name) values (1, 'Ломоносов');
insert into city(region_id, name) values (1, 'Луга');
insert into city(region_id, name) values (1, 'Павловск (Ленинградская обл.)');
insert into city(region_id, name) values (1, 'Парголово');
insert into city(region_id, name) values (1, 'Петродворец');
insert into city(region_id, name) values (1, 'Пикалёво');
insert into city(region_id, name) values (1, 'Подпорожье');
insert into city(region_id, name) values (1, 'Приозерск');
insert into city(region_id, name) values (1, 'Пушкин');
insert into city(region_id, name) values (1, 'Светогорск');
insert into city(region_id, name) values (1, 'Сертолово');
insert into city(region_id, name) values (1, 'Сестрорецк');
insert into city(region_id, name) values (1, 'Сланцы');
insert into city(region_id, name) values (1, 'Сосновый Бор');
insert into city(region_id, name) values (1, 'Тихвин');
insert into city(region_id, name) values (1, 'Тосно');
insert into city(region_id, name) values (1, 'Шлиссельбург');
insert into city(region_id, name) values (78, 'Бар');
insert into city(region_id, name) values (78, 'Бершадь');
insert into city(region_id, name) values (78, 'Браилов');
insert into city(region_id, name) values (78, 'Брацлав');
insert into city(region_id, name) values (78, 'Вапнярка');
insert into city(region_id, name) values (78, 'Вендичаны');
insert into city(region_id, name) values (78, 'Винница');
insert into city(region_id, name) values (78, 'Вороновица');
insert into city(region_id, name) values (78, 'Гайсин');
insert into city(region_id, name) values (78, 'Гнивань');
insert into city(region_id, name) values (78, 'Дашев');
insert into city(region_id, name) values (78, 'Жмеринка');
insert into city(region_id, name) values (78, 'Ильинцы');
insert into city(region_id, name) values (78, 'Казатин');
insert into city(region_id, name) values (78, 'Калиновка');
insert into city(region_id, name) values (78, 'Крыжополь');
insert into city(region_id, name) values (78, 'Ладыжин');
insert into city(region_id, name) values (78, 'Липовец');
insert into city(region_id, name) values (78, 'Литин');
insert into city(region_id, name) values (78, 'Могилев-Подольский');
insert into city(region_id, name) values (78, 'Мурованные Куриловцы');
insert into city(region_id, name) values (78, 'Немиров');
insert into city(region_id, name) values (78, 'Оратов');
insert into city(region_id, name) values (78, 'Песчанка');
insert into city(region_id, name) values (78, 'Погребище');
insert into city(region_id, name) values (78, 'Теплик');
insert into city(region_id, name) values (78, 'Томашполь');
insert into city(region_id, name) values (78, 'Тростянец');
insert into city(region_id, name) values (78, 'Тульчин');
insert into city(region_id, name) values (78, 'Тывров');
insert into city(region_id, name) values (78, 'Хмельник');
insert into city(region_id, name) values (78, 'Чечельник');
insert into city(region_id, name) values (78, 'Шаргород');
insert into city(region_id, name) values (78, 'Ямполь');
insert into region(id, country_id, name) values (104, 2, 'Абхазия');
insert into city(region_id, name) values (2, 'Адыгейск');
insert into city(region_id, name) values (2, 'Майкоп (Адыгея)');
insert into city(region_id, name) values (79, 'Берестечко');
insert into city(region_id, name) values (79, 'Владимир-Волынский');
insert into city(region_id, name) values (79, 'Голобы');
insert into city(region_id, name) values (79, 'Головно');
insert into city(region_id, name) values (79, 'Горохов');
insert into city(region_id, name) values (79, 'Заболотье');
insert into city(region_id, name) values (79, 'Иваничи');
insert into city(region_id, name) values (79, 'Камень-Каширский');
insert into city(region_id, name) values (79, 'Киверцы');
insert into city(region_id, name) values (79, 'Ковель');
insert into city(region_id, name) values (79, 'Локачи');
insert into city(region_id, name) values (79, 'Луцк');
insert into city(region_id, name) values (79, 'Любешов');
insert into city(region_id, name) values (79, 'Любомль');
insert into city(region_id, name) values (79, 'Маневичи');
insert into city(region_id, name) values (79, 'Нововолынск');
insert into city(region_id, name) values (79, 'Ратно');
insert into city(region_id, name) values (79, 'Рожище');
insert into city(region_id, name) values (79, 'Старая Выжевка');
insert into city(region_id, name) values (79, 'Турийск');
insert into city(region_id, name) values (104, 'Авадхара');
insert into city(region_id, name) values (104, 'Гагра');
insert into city(region_id, name) values (104, 'Гали');
insert into city(region_id, name) values (104, 'Гудаута');
insert into city(region_id, name) values (104, 'Гульрипш');
insert into city(region_id, name) values (104, 'Новый Афон');
insert into city(region_id, name) values (104, 'Очамчир');
insert into city(region_id, name) values (104, 'Пицунда');
insert into city(region_id, name) values (104, 'Сухуми');
insert into city(region_id, name) values (104, 'Ткварчели');
insert into region(id, country_id, name) values (105, 3, 'Australian Capital Territory');
insert into region(id, country_id, name) values (106, 3, 'New South Wales');
insert into region(id, country_id, name) values (107, 3, 'None');
insert into region(id, country_id, name) values (108, 3, 'Northern Territory');
insert into region(id, country_id, name) values (109, 3, 'Queensland');
insert into region(id, country_id, name) values (110, 3, 'South Australia');
insert into region(id, country_id, name) values (111, 3, 'Tasmania');
insert into region(id, country_id, name) values (112, 3, 'Victoria');
insert into region(id, country_id, name) values (113, 3, 'Western Australia');
insert into city(region_id, name) values (3, 'Акташ');
insert into city(region_id, name) values (3, 'Акутиха');
insert into city(region_id, name) values (3, 'Алейск');
insert into city(region_id, name) values (3, 'Алтайский');
insert into city(region_id, name) values (3, 'Баево');
insert into city(region_id, name) values (3, 'Барнаул');
insert into city(region_id, name) values (3, 'Белово (Алтайский край)');
insert into city(region_id, name) values (3, 'Белокуриха');
insert into city(region_id, name) values (3, 'Белоярск');
insert into city(region_id, name) values (3, 'Бийск');
insert into city(region_id, name) values (3, 'Благовещенск');
insert into city(region_id, name) values (3, 'Боровлянка');
insert into city(region_id, name) values (3, 'Бурла');
insert into city(region_id, name) values (3, 'Бурсоль');
insert into city(region_id, name) values (3, 'Быстрый Исток');
insert into city(region_id, name) values (3, 'Волчиха');
insert into city(region_id, name) values (3, 'Горно-Алтайск');
insert into city(region_id, name) values (3, 'Горняк');
insert into city(region_id, name) values (3, 'Ельцовка');
insert into city(region_id, name) values (3, 'Залесово');
insert into city(region_id, name) values (3, 'Заринск');
insert into city(region_id, name) values (3, 'Заток');
insert into city(region_id, name) values (3, 'Змеиногорск');
insert into city(region_id, name) values (3, 'Камень-на-Оби');
insert into city(region_id, name) values (3, 'Ключи (Алтайский край)');
insert into city(region_id, name) values (3, 'Кош-Агач');
insert into city(region_id, name) values (3, 'Красногорское (Алтайский край)');
insert into city(region_id, name) values (3, 'Краснощеково');
insert into city(region_id, name) values (3, 'Кулунда');
insert into city(region_id, name) values (3, 'Кытманово');
insert into city(region_id, name) values (3, 'Мамонтово');
insert into city(region_id, name) values (3, 'Новичиха');
insert into city(region_id, name) values (3, 'Новоалтайск');
insert into city(region_id, name) values (3, 'Онгудай');
insert into city(region_id, name) values (3, 'Павловск (Алтайский край)');
insert into city(region_id, name) values (3, 'Петропавловское');
insert into city(region_id, name) values (3, 'Поспелиха');
insert into city(region_id, name) values (3, 'Ребриха');
insert into city(region_id, name) values (3, 'Родино');
gnsert into city(region_id, name) values (3, 'Рубцовск');
insert into city(region_id, name) values (3, 'Славгород');
insert into city(region_id, name) values (3, 'Смоленское');
insert into city(region_id, name) values (3, 'Солонешное');
insert into city(region_id, name) values (3, 'Солтон');
insert into city(region_id, name) values (3, 'Староаллейское');
insert into city(region_id, name) values (3, 'Табуны');
insert into city(region_id, name) values (3, 'Тальменка');
insert into city(region_id, name) values (3, 'Тогул');
insert into city(region_id, name) values (3, 'Топчиха');
insert into city(region_id, name) values (3, 'Троицкое (Алтайский край)');
insert into city(region_id, name) values (3, 'Турочак');
insert into city(region_id, name) values (3, 'Тюменцево');
insert into city(region_id, name) values (3, 'Угловское');
insert into city(region_id, name) values (3, 'Усть-Калманка');
insert into city(region_id, name) values (3, 'Усть-Кан');
insert into city(region_id, name) values (3, 'Усть-Кокса');
insert into city(region_id, name) values (3, 'Усть-Улаган');
insert into city(region_id, name) values (3, 'Усть-Чарышская Пристань');
insert into city(region_id, name) values (3, 'Хабары');
insert into city(region_id, name) values (3, 'Целинное');
insert into city(region_id, name) values (3, 'Чарышское');
insert into city(region_id, name) values (3, 'Шебалино');
insert into city(region_id, name) values (3, 'Шелаболиха');
insert into city(region_id, name) values (3, 'Шипуново');
insert into city(region_id, name) values (80, 'Апостолово');
insert into city(region_id, name) values (80, 'Аулы');
insert into city(region_id, name) values (80, 'Брагиновка');
insert into city(region_id, name) values (80, 'Васильковка');
insert into city(region_id, name) values (80, 'Верхнеднепровск');
insert into city(region_id, name) values (80, 'Верховцево');
insert into city(region_id, name) values (80, 'Вольногорск');
insert into city(region_id, name) values (80, 'Гвардейское');
insert into city(region_id, name) values (80, 'Горняцкое');
insert into city(region_id, name) values (80, 'Губиниха');
insert into city(region_id, name) values (80, 'Демурино');
insert into city(region_id, name) values (80, 'Днепродзержинск');
insert into city(region_id, name) values (80, 'Днепропетровск');
insert into city(region_id, name) values (80, 'Желтые Воды');
insert into city(region_id, name) values (80, 'Зализничное');
insert into city(region_id, name) values (80, 'Зеленодольск');
insert into city(region_id, name) values (80, 'Зеленое');
insert into city(region_id, name) values (80, 'Илларионово');
insert into city(region_id, name) values (80, 'Ингулец');
insert into city(region_id, name) values (80, 'Калинино');
insert into city(region_id, name) values (80, 'Карнауховка');
insert into city(region_id, name) values (80, 'Кривой Рог');
insert into city(region_id, name) values (80, 'Кринички');
insert into city(region_id, name) values (80, 'Магдалиновка');
insert into city(region_id, name) values (80, 'Марганец');
insert into city(region_id, name) values (80, 'Межевая');
insert into city(region_id, name) values (80, 'Никополь');
insert into city(region_id, name) values (80, 'Новомосковск');
insert into city(region_id, name) values (80, 'Орджоникидзе');
insert into city(region_id, name) values (80, 'Павлоград');
insert into city(region_id, name) values (80, 'Першотравенск');
insert into city(region_id, name) values (80, 'Петропавловка');
insert into city(region_id, name) values (80, 'Покровское');
insert into city(region_id, name) values (80, 'Пятихатки');
insert into city(region_id, name) values (80, 'Синельниково');
insert into city(region_id, name) values (80, 'Софиевка');
insert into city(region_id, name) values (80, 'Томаковка');
insert into city(region_id, name) values (80, 'Царичанка');
insert into city(region_id, name) values (80, 'Широкое');
insert into city(region_id, name) values (105, 'Belconnen');
insert into city(region_id, name) values (105, 'Canberra');
insert into city(region_id, name) values (105, 'Duntroon');
insert into city(region_id, name) values (105, 'Fyshwick');
insert into city(region_id, name) values (105, 'Gibraltar');
insert into city(region_id, name) values (105, 'Gudgenby');
insert into city(region_id, name) values (105, 'Hall');
insert into city(region_id, name) values (105, 'Harman');
insert into city(region_id, name) values (105, 'Jervis Bay');
insert into city(region_id, name) values (105, 'Majura');
insert into city(region_id, name) values (105, 'Molonglo');
insert into city(region_id, name) values (105, 'Weston Creek');
insert into region(id, country_id, name) values (114, 4, 'Burgenland');
insert into region(id, country_id, name) values (115, 4, 'Krnten');
insert into region(id, country_id, name) values (116, 4, 'Niedersterreich');
insert into region(id, country_id, name) values (117, 4, 'Obersterreich');
insert into region(id, country_id, name) values (118, 4, 'Salzburg');
insert into region(id, country_id, name) values (119, 4, 'Steiermark');
insert into region(id, country_id, name) values (120, 4, 'Tirol');
insert into region(id, country_id, name) values (121, 4, 'Vorarlberg');
insert into region(id, country_id, name) values (122, 4, 'Wien');
insert into city(region_id, name) values (4, 'Айгунь');
insert into city(region_id, name) values (4, 'Архара');
insert into city(region_id, name) values (4, 'Белогорск');
insert into city(region_id, name) values (4, 'Благовещенск (Амурская обл.)');
insert into city(region_id, name) values (4, 'Бурея');
insert into city(region_id, name) values (4, 'Возжаевка');
insert into city(region_id, name) values (4, 'Екатеринославка');
insert into city(region_id, name) values (4, 'Ерофей Павлович');
insert into city(region_id, name) values (4, 'Завитинск');
insert into city(region_id, name) values (4, 'Зея');
insert into city(region_id, name) values (4, 'Златоустовск');
insert into city(region_id, name) values (4, 'Ивановка');
insert into city(region_id, name) values (4, 'Коболдо');
insert into city(region_id, name) values (4, 'Магдагачи');
insert into city(region_id, name) values (4, 'Новобурейский');
insert into city(region_id, name) values (4, 'Поярково');
insert into city(region_id, name) values (4, 'Райчихинск');
insert into city(region_id, name) values (4, 'Ромны');
insert into city(region_id, name) values (4, 'Свободный');
insert into city(region_id, name) values (4, 'Серышево');
insert into city(region_id, name) values (4, 'Сковородино');
insert into city(region_id, name) values (4, 'Стойба');
insert into city(region_id, name) values (4, 'Тамбовка');
insert into city(region_id, name) values (4, 'Тында');
insert into city(region_id, name) values (4, 'Февральск');
insert into city(region_id, name) values (4, 'Шимановск');
insert into city(region_id, name) values (4, 'Экимчан');
insert into city(region_id, name) values (4, 'Ядрино');
insert into city(region_id, name) values (81, 'Авдеевка');
insert into city(region_id, name) values (81, 'Александровка');
insert into city(region_id, name) values (81, 'Алексеево-Дружковка');
insert into city(region_id, name) values (81, 'Амвросиевка');
insert into city(region_id, name) values (81, 'Андреевка');
insert into city(region_id, name) values (81, 'Артемово');
insert into city(region_id, name) values (81, 'Артемовск');
insert into city(region_id, name) values (81, 'Безыменное');
insert into city(region_id, name) values (81, 'Беленькое');
insert into city(region_id, name) values (81, 'Белицкое');
insert into city(region_id, name) values (81, 'Благодатное');
insert into city(region_id, name) values (81, 'Былбасовка');
insert into city(region_id, name) values (81, 'Великая Новоселка');
insert into city(region_id, name) values (81, 'Войковский');
insert into city(region_id, name) values (81, 'Волноваха');
insert into city(region_id, name) values (81, 'Володарское');
insert into city(region_id, name) values (81, 'Гольмовский');
insert into city(region_id, name) values (81, 'Горбачево-Михайловка');
insert into city(region_id, name) values (81, 'Горловка');
insert into city(region_id, name) values (81, 'Гродовка');
insert into city(region_id, name) values (81, 'Грузско-Зорянское');
insert into city(region_id, name) values (81, 'Дебальцево');
insert into city(region_id, name) values (81, 'Дзержинск');
insert into city(region_id, name) values (81, 'Димитров');
insert into city(region_id, name) values (81, 'Доброполье');
insert into city(region_id, name) values (81, 'Докучаевск');
insert into city(region_id, name) values (81, 'Донецк');
insert into city(region_id, name) values (81, 'Донецкая');
insert into city(region_id, name) values (81, 'Донское');
insert into city(region_id, name) values (81, 'Дробышево');
insert into city(region_id, name) values (81, 'Дружковка');
insert into city(region_id, name) values (81, 'Енакиево');
insert into city(region_id, name) values (81, 'Жданов');
insert into city(region_id, name) values (81, 'Ждановка');
insert into city(region_id, name) values (81, 'Желанное');
insert into city(region_id, name) values (81, 'Зугрэс');
insert into city(region_id, name) values (81, 'Зуевка');
insert into city(region_id, name) values (81, 'Иловайск');
insert into city(region_id, name) values (81, 'Карло-Либкнехтовск');
insert into city(region_id, name) values (81, 'Карло-Марксово');
insert into city(region_id, name) values (81, 'Кировск');
insert into city(region_id, name) values (81, 'Константиновка');
insert into city(region_id, name) values (81, 'Краматорск');
insert into city(region_id, name) values (81, 'Красноармейск');
insert into city(region_id, name) values (81, 'Красный Лиман');
insert into city(region_id, name) values (81, 'Макеевка');
insert into city(region_id, name) values (81, 'Мариуполь');
insert into city(region_id, name) values (81, 'Марьинка');
insert into city(region_id, name) values (81, 'Николаевка');
insert into city(region_id, name) values (81, 'Новоазовск');
insert into city(region_id, name) values (81, 'Новоэкономическое');
insert into city(region_id, name) values (81, 'Першотравневое');
insert into city(region_id, name) values (81, 'Селидово');
insert into city(region_id, name) values (81, 'Славянск');
insert into city(region_id, name) values (81, 'Снежное');
insert into city(region_id, name) values (81, 'Старобешево');
insert into city(region_id, name) values (81, 'Тельманово');
insert into city(region_id, name) values (81, 'Торез');
insert into city(region_id, name) values (81, 'Угледар');
insert into city(region_id, name) values (81, 'Харцызск');
insert into city(region_id, name) values (81, 'Шахтерск');
insert into city(region_id, name) values (81, 'Ясиноватая');
insert into city(region_id, name) values (106, 'Sidney');
insert into city(region_id, name) values (106, 'Abbotsford');
insert into city(region_id, name) values (106, 'Abercrombie');
insert into city(region_id, name) values (106, 'Aberdeen');
insert into city(region_id, name) values (106, 'Aberfoyle');
insert into city(region_id, name) values (106, 'Aberglasslyn');
insert into city(region_id, name) values (106, 'Acacia Creek');
insert into city(region_id, name) values (106, 'Adaminaby');
insert into city(region_id, name) values (106, 'Alagala');
insert into city(region_id, name) values (106, 'Albion Park');
insert into city(region_id, name) values (106, 'Alice');
insert into city(region_id, name) values (106, 'Alpine');
insert into city(region_id, name) values (106, 'Alstonville');
insert into city(region_id, name) values (106, 'Artarman');
insert into city(region_id, name) values (106, 'Auburn');
insert into city(region_id, name) values (106, 'Bear Hill');
insert into city(region_id, name) values (106, 'Campbelltown');
insert into city(region_id, name) values (106, 'Casino');
insert into city(region_id, name) values (106, 'Coffs Harbour');
insert into city(region_id, name) values (106, 'Cowra');
insert into city(region_id, name) values (106, 'Ladysmith');
insert into city(region_id, name) values (106, 'Liverpool');
insert into city(region_id, name) values (106, 'Macksville');
insert into city(region_id, name) values (106, 'Meldrum');
insert into city(region_id, name) values (106, 'Moonee Beach');
insert into city(region_id, name) values (106, 'Moss Vale');
insert into city(region_id, name) values (106, 'Muswellbrook');
insert into city(region_id, name) values (106, 'Newcastle');
insert into city(region_id, name) values (106, 'Peelwood');
insert into city(region_id, name) values (106, 'Scone');
insert into city(region_id, name) values (106, 'South Sydney Municipality');
insert into city(region_id, name) values (106, 'Sydney');
insert into city(region_id, name) values (106, 'Tamworth');
insert into city(region_id, name) values (106, 'Wollongong');
insert into city(region_id, name) values (114, 'Andau');
insert into city(region_id, name) values (114, 'Deutsch Kaltenbrunn');
insert into city(region_id, name) values (114, 'Eberau');
insert into city(region_id, name) values (114, 'Eisenstadt');
insert into city(region_id, name) values (114, 'Forchtenstein');
insert into city(region_id, name) values (114, 'Gssing');
insert into city(region_id, name) values (114, 'Horitschon');
insert into city(region_id, name) values (114, 'Jois');
insert into city(region_id, name) values (114, 'Lackenbach');
insert into city(region_id, name) values (114, 'Marz');
insert into city(region_id, name) values (114, 'Neufeld an der Leitha');
insert into city(region_id, name) values (114, 'Neusiedl am See');
insert into city(region_id, name) values (114, 'Oberpullendorf');
insert into city(region_id, name) values (114, 'Oberwart');
insert into city(region_id, name) values (114, 'Oslip');
insert into city(region_id, name) values (114, 'Zurndorf');
insert into region(id, country_id, name) values (123, 5, 'Азербайджан');
insert into region(id, country_id, name) values (124, 5, 'Нагорный Карабах');
insert into region(id, country_id, name) values (125, 5, 'Нахичеванская обл.');
insert into city(region_id, name) values (5, 'Амдерма');
insert into city(region_id, name) values (5, 'Архангельск');
insert into city(region_id, name) values (5, 'Березник');
insert into city(region_id, name) values (5, 'Вельск');
insert into city(region_id, name) values (5, 'Верхняя Тойма');
insert into city(region_id, name) values (5, 'Волошка');
insert into city(region_id, name) values (5, 'Вычегодский');
insert into city(region_id, name) values (5, 'Емца');
insert into city(region_id, name) values (5, 'Илеза');
insert into city(region_id, name) values (5, 'Ильинско-Подомское');
insert into city(region_id, name) values (5, 'Каргополь (Архангельская обл.)');
insert into city(region_id, name) values (5, 'Карпогоры');
insert into city(region_id, name) values (5, 'Кодино');
insert into city(region_id, name) values (5, 'Коноша');
insert into city(region_id, name) values (5, 'Коряжма');
insert into city(region_id, name) values (5, 'Котлас');
insert into city(region_id, name) values (5, 'Красноборск');
insert into city(region_id, name) values (5, 'Лешуконское');
insert into city(region_id, name) values (5, 'Мезень');
insert into city(region_id, name) values (5, 'Мирный (Архангельская обл.)');
insert into city(region_id, name) values (5, 'Нарьян-Мар');
insert into city(region_id, name) values (5, 'Новодвинск');
insert into city(region_id, name) values (5, 'Няндома');
insert into city(region_id, name) values (5, 'Онега');
insert into city(region_id, name) values (5, 'Пинега');
insert into city(region_id, name) values (5, 'Плесецк');
insert into city(region_id, name) values (5, 'Савинск');
insert into city(region_id, name) values (5, 'Северодвинск');
insert into city(region_id, name) values (5, 'Сольвычегодск');
insert into city(region_id, name) values (5, 'Холмогоры');
insert into city(region_id, name) values (5, 'Шенкурск');
insert into city(region_id, name) values (5, 'Яренск');
insert into city(region_id, name) values (82, 'Андрушевка');
insert into city(region_id, name) values (82, 'Барановка');
insert into city(region_id, name) values (82, 'Белая Криница');
insert into city(region_id, name) values (82, 'Бердичев');
insert into city(region_id, name) values (82, 'Броницкая Гута');
insert into city(region_id, name) values (82, 'Брусилов');
insert into city(region_id, name) values (82, 'Быковка');
insert into city(region_id, name) values (82, 'Великие Коровинцы');
insert into city(region_id, name) values (82, 'Володарск-Волынский');
insert into city(region_id, name) values (82, 'Городница');
insert into city(region_id, name) values (82, 'Гришковцы');
insert into city(region_id, name) values (82, 'Дзержинск');
insert into city(region_id, name) values (82, 'Довбыш');
insert into city(region_id, name) values (82, 'Емильчино');
insert into city(region_id, name) values (82, 'Житомир');
insert into city(region_id, name) values (82, 'Иванополь');
insert into city(region_id, name) values (82, 'Каменный Брод');
insert into city(region_id, name) values (82, 'Коростень');
insert into city(region_id, name) values (82, 'Коростышев');
insert into city(region_id, name) values (82, 'Лугины');
insert into city(region_id, name) values (82, 'Любар');
insert into city(region_id, name) values (82, 'Малин');
insert into city(region_id, name) values (82, 'Народичи');
insert into city(region_id, name) values (82, 'Новоград-Волынский');
insert into city(region_id, name) values (82, 'Овруч');
insert into city(region_id, name) values (82, 'Олевск');
insert into city(region_id, name) values (82, 'Попельня');
insert into city(region_id, name) values (82, 'Радомышль');
insert into city(region_id, name) values (82, 'Ружин');
insert into city(region_id, name) values (82, 'Червоноармейск');
insert into city(region_id, name) values (82, 'Черняхов');
insert into city(region_id, name) values (82, 'Чуднов');
insert into city(region_id, name) values (107, 'Cascade Station');
insert into city(region_id, name) values (107, 'Longridge');
insert into city(region_id, name) values (107, 'Longridge Station');
insert into city(region_id, name) values (115, 'Afritz');
insert into city(region_id, name) values (115, 'Arnoldstein');
insert into city(region_id, name) values (115, 'Arriach');
insert into city(region_id, name) values (115, 'Bad Kleinkirchheim');
insert into city(region_id, name) values (115, 'Birnbaum');
insert into city(region_id, name) values (115, 'Diex');
insert into city(region_id, name) values (115, 'Eberstein');
insert into city(region_id, name) values (115, 'Faak am See');
insert into city(region_id, name) values (115, 'Feistritz im Rosental');
insert into city(region_id, name) values (115, 'Ferlach');
insert into city(region_id, name) values (115, 'Klagenfurt');
insert into city(region_id, name) values (115, 'Spittal an der Drau');
insert into city(region_id, name) values (115, 'Strau');
insert into city(region_id, name) values (115, 'Villach');
insert into city(region_id, name) values (115, 'Vlkermarkt');
insert into city(region_id, name) values (123, 'Агдам');
insert into city(region_id, name) values (123, 'Агдаш');
insert into city(region_id, name) values (123, 'Агджабеди');
insert into city(region_id, name) values (123, 'Аджикенд');
insert into city(region_id, name) values (123, 'Акстафа');
insert into city(region_id, name) values (123, 'Али-Байрамлы');
insert into city(region_id, name) values (123, 'Алунитаг');
insert into city(region_id, name) values (123, 'Артем-Остров');
insert into city(region_id, name) values (123, 'Астара');
insert into city(region_id, name) values (123, 'Ахсу');
insert into city(region_id, name) values (123, 'Баку');
insert into city(region_id, name) values (123, 'Балаханы');
insert into city(region_id, name) values (123, 'Банк');
insert into city(region_id, name) values (123, 'Барда');
insert into city(region_id, name) values (123, 'Белоканы');
insert into city(region_id, name) values (123, 'Биласувар');
insert into city(region_id, name) values (123, 'Бинагади');
insert into city(region_id, name) values (123, 'Бузовна');
insert into city(region_id, name) values (123, 'Варташен');
insert into city(region_id, name) values (123, 'Гадрут');
insert into city(region_id, name) values (123, 'Геокчай');
insert into city(region_id, name) values (123, 'Гобустан');
insert into city(region_id, name) values (123, 'Горадиз');
insert into city(region_id, name) values (123, 'Гянджа (Кировобад)');
insert into city(region_id, name) values (123, 'Дальмамедли');
insert into city(region_id, name) values (123, 'Дашкесан');
insert into city(region_id, name) values (123, 'Джалилабад');
insert into city(region_id, name) values (123, 'Джебраил');
insert into city(region_id, name) values (123, 'Дивичи');
insert into city(region_id, name) values (123, 'Евлах');
insert into city(region_id, name) values (123, 'Ждановск');
insert into city(region_id, name) values (123, 'Закаталы');
insert into city(region_id, name) values (123, 'Зардоб');
insert into city(region_id, name) values (123, 'Имишли');
insert into city(region_id, name) values (123, 'Исмаиллы');
insert into city(region_id, name) values (123, 'Истису');
insert into city(region_id, name) values (123, 'Казах');
insert into city(region_id, name) values (123, 'Кази-Магомед');
insert into city(region_id, name) values (123, 'Касум-Исмаилов');
insert into city(region_id, name) values (123, 'Кахи');
insert into city(region_id, name) values (123, 'Кедабек');
insert into city(region_id, name) values (123, 'Кельбаджар');
insert into city(region_id, name) values (123, 'Куба');
insert into city(region_id, name) values (123, 'Кубатлы');
insert into city(region_id, name) values (123, 'Кусары');
insert into city(region_id, name) values (123, 'Куткашен');
insert into city(region_id, name) values (123, 'Кюрдамир');
insert into city(region_id, name) values (123, 'Ленкорань');
insert into city(region_id, name) values (123, 'Лерик');
insert into city(region_id, name) values (123, 'Масаллы');
insert into city(region_id, name) values (123, 'Мингечаур');
insert into city(region_id, name) values (123, 'Мир-Башир');
insert into city(region_id, name) values (123, 'Нафталан');
insert into city(region_id, name) values (123, 'Нефтечала');
insert into city(region_id, name) values (123, 'Саатлы');
insert into city(region_id, name) values (123, 'Сабирабад');
insert into city(region_id, name) values (123, 'Сабуичи');
insert into city(region_id, name) values (123, 'Сальяны');
insert into city(region_id, name) values (123, 'Сиазань');
insert into city(region_id, name) values (123, 'Сумгаит');
insert into city(region_id, name) values (123, 'Тауз');
insert into city(region_id, name) values (123, 'Уджары');
insert into city(region_id, name) values (123, 'Физули');
insert into city(region_id, name) values (123, 'Ханлар');
insert into city(region_id, name) values (123, 'Хачмас');
insert into city(region_id, name) values (123, 'Худат');
insert into city(region_id, name) values (123, 'Шамхор');
insert into city(region_id, name) values (123, 'Шеки');
insert into city(region_id, name) values (123, 'Шемаха');
insert into region(id, country_id, name) values (126, 6, 'Berat');
insert into region(id, country_id, name) values (127, 6, 'Diber');
insert into region(id, country_id, name) values (128, 6, 'Durres');
insert into region(id, country_id, name) values (129, 6, 'Elbasan');
insert into region(id, country_id, name) values (130, 6, 'Fier');
insert into region(id, country_id, name) values (131, 6, 'Gjirokaster');
insert into region(id, country_id, name) values (132, 6, 'Korce');
insert into region(id, country_id, name) values (133, 6, 'Kukes');
insert into region(id, country_id, name) values (134, 6, 'None');
insert into region(id, country_id, name) values (135, 6, 'Shkoder');
insert into region(id, country_id, name) values (136, 6, 'Tirane');
insert into region(id, country_id, name) values (137, 6, 'Vlore');
insert into city(region_id, name) values (6, 'Астрахань');
insert into city(region_id, name) values (6, 'Ахтубинск');
insert into city(region_id, name) values (6, 'Верхний Баскунчак');
insert into city(region_id, name) values (6, 'Володарский');
insert into city(region_id, name) values (6, 'Енотаевка');
insert into city(region_id, name) values (6, 'Икряное');
insert into city(region_id, name) values (6, 'Камызяк');
insert into city(region_id, name) values (6, 'Капустин Яр');
insert into city(region_id, name) values (6, 'Красный Яр (Астраханская обл.)');
insert into city(region_id, name) values (6, 'Лиман');
insert into city(region_id, name) values (6, 'Началово');
insert into city(region_id, name) values (6, 'Харабали');
insert into city(region_id, name) values (6, 'Черный Яр');
insert into city(region_id, name) values (83, 'Берегово');
insert into city(region_id, name) values (83, 'Буштына');
insert into city(region_id, name) values (83, 'Великий Березный');
insert into city(region_id, name) values (83, 'Великий Бычков');
insert into city(region_id, name) values (83, 'Виноградов');
insert into city(region_id, name) values (83, 'Воловец');
insert into city(region_id, name) values (83, 'Иршава');
insert into city(region_id, name) values (83, 'Межгорье');
insert into city(region_id, name) values (83, 'Мукачево');
insert into city(region_id, name) values (83, 'Перечин');
insert into city(region_id, name) values (83, 'Рахов');
insert into city(region_id, name) values (83, 'Свалява');
insert into city(region_id, name) values (83, 'Тячев');
insert into city(region_id, name) values (83, 'Ужгород');
insert into city(region_id, name) values (83, 'Хуст');
insert into city(region_id, name) values (83, 'Чоп');
insert into city(region_id, name) values (108, 'Adelaide River');
insert into city(region_id, name) values (108, 'Alice Springs');
insert into city(region_id, name) values (108, 'Arltunga');
insert into city(region_id, name) values (108, 'Arltunga Mission');
insert into city(region_id, name) values (108, 'Bagot');
insert into city(region_id, name) values (108, 'Barrow Creek');
insert into city(region_id, name) values (108, 'Borroloola');
insert into city(region_id, name) values (108, 'Daly Waters');
insert into city(region_id, name) values (108, 'Darwin');
insert into city(region_id, name) values (108, 'Finke Siding');
insert into city(region_id, name) values (108, 'Glen Helen');
insert into city(region_id, name) values (108, 'Gove');
insert into city(region_id, name) values (108, 'Nullumbuy');
insert into city(region_id, name) values (108, 'Stuart');
insert into city(region_id, name) values (116, 'Aggsbach Dorf');
insert into city(region_id, name) values (116, 'Amstetten');
insert into city(region_id, name) values (116, 'Aschbach Markt');
insert into city(region_id, name) values (116, 'Bad Schnau');
insert into city(region_id, name) values (116, 'Bad Vslau');
insert into city(region_id, name) values (116, 'Bisamberg');
insert into city(region_id, name) values (116, 'Bheimkirchen');
insert into city(region_id, name) values (116, 'Ebenfurth');
insert into city(region_id, name) values (116, 'Eckartsau');
insert into city(region_id, name) values (116, 'Ernstbrunn');
insert into city(region_id, name) values (116, 'Frankenfels');
insert into city(region_id, name) values (116, 'Friedersbach');
insert into city(region_id, name) values (116, 'Gablitz');
insert into city(region_id, name) values (116, 'Gnserndorf');
insert into city(region_id, name) values (116, 'Gerasdorf bei Wien');
insert into city(region_id, name) values (116, 'Gloggnitz');
insert into city(region_id, name) values (116, 'Herzogenburg');
insert into city(region_id, name) values (116, 'Hollabrunn');
insert into city(region_id, name) values (116, 'Korneuburg');
insert into city(region_id, name) values (116, 'Kottingbrunn');
insert into city(region_id, name) values (116, 'Krems an der Donau');
insert into city(region_id, name) values (116, 'Langenzersdorf');
insert into city(region_id, name) values (116, 'Leobersdorf');
insert into city(region_id, name) values (116, 'Lilienfeld');
insert into city(region_id, name) values (116, 'Lunz am See');
insert into city(region_id, name) values (116, 'Melk');
insert into city(region_id, name) values (116, 'Mistelbach an der Zaya');
insert into city(region_id, name) values (116, 'Mdling');
insert into city(region_id, name) values (116, 'Oberwaltersdorf');
insert into city(region_id, name) values (116, 'Prinzersdorf');
insert into city(region_id, name) values (116, 'Stetteldorf am Wagram');
insert into city(region_id, name) values (116, 'Stssing');
insert into city(region_id, name) values (116, 'Ternitz');
insert into city(region_id, name) values (116, 'Traisen');
insert into city(region_id, name) values (116, 'Traismauer');
insert into city(region_id, name) values (116, 'Waidhofen an der Ybbs');
insert into city(region_id, name) values (116, 'Wiener Neudorf');
insert into city(region_id, name) values (116, 'Wiener Neustadt');
insert into city(region_id, name) values (124, 'Степанокерт');
insert into city(region_id, name) values (124, 'Шуша');
insert into city(region_id, name) values (126, 'Agalli');
insert into city(region_id, name) values (126, 'Agim');
insert into city(region_id, name) values (126, 'Baka');
insert into city(region_id, name) values (126, 'Kakos');
insert into region(id, country_id, name) values (138, 7, 'Алжир');
insert into city(region_id, name) values (7, 'Агидель');
insert into city(region_id, name) values (7, 'Аксаково');
insert into city(region_id, name) values (7, 'Амзя');
insert into city(region_id, name) values (7, 'Архангелькое');
insert into city(region_id, name) values (7, 'Аскарово');
insert into city(region_id, name) values (7, 'Аскино');
insert into city(region_id, name) values (7, 'Баймак');
insert into city(region_id, name) values (7, 'Бакалы');
insert into city(region_id, name) values (7, 'Белебей');
insert into city(region_id, name) values (7, 'Белорецк');
insert into city(region_id, name) values (7, 'Бижбуляк');
insert into city(region_id, name) values (7, 'Бирск');
insert into city(region_id, name) values (7, 'Благовещенск (Башкирия)');
insert into city(region_id, name) values (7, 'Большеустьикинское');
insert into city(region_id, name) values (7, 'Бураево');
insert into city(region_id, name) values (7, 'Верхнеяркеево');
insert into city(region_id, name) values (7, 'Верхние Киги');
insert into city(region_id, name) values (7, 'Верхние Татышлы');
insert into city(region_id, name) values (7, 'Верхний Авзян');
insert into city(region_id, name) values (7, 'Давлеканово');
insert into city(region_id, name) values (7, 'Дуван');
insert into city(region_id, name) values (7, 'Дюртюли');
insert into city(region_id, name) values (7, 'Ермекеево');
insert into city(region_id, name) values (7, 'Ермолаево');
insert into city(region_id, name) values (7, 'Зилаир');
insert into city(region_id, name) values (7, 'Зирган');
insert into city(region_id, name) values (7, 'Иглино');
insert into city(region_id, name) values (7, 'Инзер');
insert into city(region_id, name) values (7, 'Исянгулово');
insert into city(region_id, name) values (7, 'Ишимбай');
insert into city(region_id, name) values (7, 'Калтасы');
insert into city(region_id, name) values (7, 'Кананикольское');
insert into city(region_id, name) values (7, 'Кандры');
insert into city(region_id, name) values (7, 'Караидель');
insert into city(region_id, name) values (7, 'Караидельский');
insert into city(region_id, name) values (7, 'Киргиз-Мияки');
insert into city(region_id, name) values (7, 'Красноусольский');
insert into city(region_id, name) values (7, 'Кумертау');
insert into city(region_id, name) values (7, 'Кушнаренково');
insert into city(region_id, name) values (7, 'Малояз');
insert into city(region_id, name) values (7, 'Межгорье');
insert into city(region_id, name) values (7, 'Мелеуз');
insert into city(region_id, name) values (7, 'Месягутово');
insert into city(region_id, name) values (7, 'Мраково');
insert into city(region_id, name) values (7, 'Нефтекамск');
insert into city(region_id, name) values (7, 'Октябрьский (Башкирия)');
insert into city(region_id, name) values (7, 'Приютово');
insert into city(region_id, name) values (7, 'Раевский');
insert into city(region_id, name) values (7, 'Салават');
insert into city(region_id, name) values (7, 'Сибай');
insert into city(region_id, name) values (7, 'Старобалтачево');
insert into city(region_id, name) values (7, 'Старосубхангулово');
insert into city(region_id, name) values (7, 'Стерлибашево');
insert into city(region_id, name) values (7, 'Стерлитамак');
insert into city(region_id, name) values (7, 'Туймазы');
insert into city(region_id, name) values (7, 'Уфа');
insert into city(region_id, name) values (7, 'Учалы');
insert into city(region_id, name) values (7, 'Федоровка (Башкирия)');
insert into city(region_id, name) values (7, 'Чекмагуш');
insert into city(region_id, name) values (7, 'Чишмы');
insert into city(region_id, name) values (7, 'Шаран');
insert into city(region_id, name) values (7, 'Янаул');
insert into city(region_id, name) values (84, 'Акимовка');
insert into city(region_id, name) values (84, 'Андреевка');
insert into city(region_id, name) values (84, 'Балабино');
insert into city(region_id, name) values (84, 'Бердянск');
insert into city(region_id, name) values (84, 'Васильевка');
insert into city(region_id, name) values (84, 'Веселое');
insert into city(region_id, name) values (84, 'Вольнянск');
insert into city(region_id, name) values (84, 'Гуляйполе');
insert into city(region_id, name) values (84, 'Днепрорудный');
insert into city(region_id, name) values (84, 'Запорожье');
insert into city(region_id, name) values (84, 'Каменка-Днепровская');
insert into city(region_id, name) values (84, 'Каменное');
insert into city(region_id, name) values (84, 'Камыш-Заря');
insert into city(region_id, name) values (84, 'Куйбышево');
insert into city(region_id, name) values (84, 'Мелитополь');
insert into city(region_id, name) values (84, 'Михайловка');
insert into city(region_id, name) values (84, 'Новониколаевка');
insert into city(region_id, name) values (84, 'Орехов');
insert into city(region_id, name) values (84, 'Пологи');
insert into city(region_id, name) values (84, 'Приазовское');
insert into city(region_id, name) values (84, 'Приморск');
insert into city(region_id, name) values (84, 'Токмак');
insert into city(region_id, name) values (84, 'Черниговка');
insert into city(region_id, name) values (84, 'Энергодар');
insert into city(region_id, name) values (109, 'Abercorn');
insert into city(region_id, name) values (109, 'Abermain');
insert into city(region_id, name) values (109, 'Ackland');
insert into city(region_id, name) values (109, 'Advancetown');
insert into city(region_id, name) values (109, 'Albany Creek');
insert into city(region_id, name) values (109, 'Alberton');
insert into city(region_id, name) values (109, 'Alexandra');
insert into city(region_id, name) values (109, 'Alexandra-Mooloolaba');
insert into city(region_id, name) values (109, 'Allan');
insert into city(region_id, name) values (109, 'Allingham');
insert into city(region_id, name) values (109, 'Alma Creek');
insert into city(region_id, name) values (109, 'Alpha');
insert into city(region_id, name) values (109, 'Aramara');
insert into city(region_id, name) values (109, 'Belgian Gardens');
insert into city(region_id, name) values (109, 'Brisbane');
insert into city(region_id, name) values (109, 'Bucasia');
insert into city(region_id, name) values (109, 'Bundaberg');
insert into city(region_id, name) values (109, 'Cairns');
insert into city(region_id, name) values (109, 'Caloundra');
insert into city(region_id, name) values (109, 'Coorparoo');
insert into city(region_id, name) values (109, 'Cynthia');
insert into city(region_id, name) values (109, 'Emerald');
insert into city(region_id, name) values (109, 'Gladstone');
insert into city(region_id, name) values (109, 'Gold Coast');
insert into city(region_id, name) values (109, 'Gympie');
insert into city(region_id, name) values (109, 'Howard');
insert into city(region_id, name) values (109, 'Ipswich');
insert into city(region_id, name) values (109, 'Nindigully');
insert into city(region_id, name) values (109, 'Oakenden');
insert into city(region_id, name) values (109, 'Quamby');
insert into city(region_id, name) values (109, 'Redcliffe');
insert into city(region_id, name) values (109, 'Rockhampton');
insert into city(region_id, name) values (109, 'Surfers Paradise');
insert into city(region_id, name) values (109, 'Townsville');
insert into city(region_id, name) values (117, 'Ach');
insert into city(region_id, name) values (117, 'Aistersheim');
insert into city(region_id, name) values (117, 'Alberndorf in der Riedmark');
insert into city(region_id, name) values (117, 'Alkoven');
insert into city(region_id, name) values (117, 'Altenberg bei Linz');
insert into city(region_id, name) values (117, 'Altmnster');
insert into city(region_id, name) values (117, 'Ansfelden');
insert into city(region_id, name) values (117, 'Aschach an der Steyr');
insert into city(region_id, name) values (117, 'Attersee');
insert into city(region_id, name) values (117, 'Attnang-Puchheim');
insert into city(region_id, name) values (117, 'Braunau am Inn');
insert into city(region_id, name) values (117, 'Ebensee');
insert into city(region_id, name) values (117, 'Enns');
insert into city(region_id, name) values (117, 'Gallneukirchen');
insert into city(region_id, name) values (117, 'Gmunden');
insert into city(region_id, name) values (117, 'Gramastetten');
insert into city(region_id, name) values (117, 'Hallstatt');
insert into city(region_id, name) values (117, 'Hrsching');
insert into city(region_id, name) values (117, 'Laakirchen');
insert into city(region_id, name) values (117, 'Leopoldschlag');
insert into city(region_id, name) values (117, 'Linz');
insert into city(region_id, name) values (117, 'Marchtrenk');
insert into city(region_id, name) values (117, 'Mondsee');
insert into city(region_id, name) values (117, 'Ottensheim');
insert into city(region_id, name) values (117, 'Pregarten');
insert into city(region_id, name) values (117, 'Ried im Innkreis');
insert into city(region_id, name) values (117, 'Rohrbach in Obersterreich');
insert into city(region_id, name) values (117, 'Scharnstein');
insert into city(region_id, name) values (117, 'Scharten');
insert into city(region_id, name) values (117, 'Steyr');
insert into city(region_id, name) values (117, 'Thalheim bei Wels');
insert into city(region_id, name) values (117, 'Traun');
insert into city(region_id, name) values (117, 'Vcklabruck');
insert into city(region_id, name) values (117, 'Wels');
insert into city(region_id, name) values (125, 'Джульфа');
insert into city(region_id, name) values (125, 'Ильичевск');
insert into city(region_id, name) values (125, 'Нахичевань');
insert into city(region_id, name) values (125, 'Ордубад');
insert into city(region_id, name) values (125, 'Шахбуз');
insert into city(region_id, name) values (127, 'Ali Hanit');
insert into city(region_id, name) values (127, 'Arapaj e Eperme');
insert into city(region_id, name) values (127, 'Arn i Eprm');
insert into city(region_id, name) values (127, 'Arras');
insert into city(region_id, name) values (127, 'Doma');
insert into city(region_id, name) values (138, 'Адрар');
insert into city(region_id, name) values (138, 'Алжир');
insert into city(region_id, name) values (138, 'Аннаба');
insert into city(region_id, name) values (138, 'Бешвар');
insert into city(region_id, name) values (138, 'Джельфа');
insert into city(region_id, name) values (138, 'Ин-Салах');
insert into city(region_id, name) values (138, 'Оран');
insert into city(region_id, name) values (138, 'Таманрассет');
insert into city(region_id, name) values (138, 'Туггурт');
insert into city(region_id, name) values (138, 'Эль-Голеа');
insert into region(id, country_id, name) values (139, 8, 'Ангола');
insert into city(region_id, name) values (8, 'Алексеевка (Белгородская обл.)');
insert into city(region_id, name) values (8, 'Белгород');
insert into city(region_id, name) values (8, 'Борисовка');
insert into city(region_id, name) values (8, 'Валуйки');
insert into city(region_id, name) values (8, 'Вейделевка');
insert into city(region_id, name) values (8, 'Волоконовка');
insert into city(region_id, name) values (8, 'Грайворон');
insert into city(region_id, name) values (8, 'Губкин');
insert into city(region_id, name) values (8, 'Ивня');
insert into city(region_id, name) values (8, 'Короча');
insert into city(region_id, name) values (8, 'Красногвардейское (Белгород.)');
insert into city(region_id, name) values (8, 'Новый Оскол');
insert into city(region_id, name) values (8, 'Ракитное');
insert into city(region_id, name) values (8, 'Ровеньки');
insert into city(region_id, name) values (8, 'Старый Оскол');
insert into city(region_id, name) values (8, 'Строитель');
insert into city(region_id, name) values (8, 'Чернянка');
insert into city(region_id, name) values (8, 'Шебекино');
insert into city(region_id, name) values (85, 'Богородчаны');
insert into city(region_id, name) values (85, 'Болехов');
insert into city(region_id, name) values (85, 'Болшовцы');
insert into city(region_id, name) values (85, 'Брошнев-Осада');
insert into city(region_id, name) values (85, 'Букачевцы');
insert into city(region_id, name) values (85, 'Бурштын');
insert into city(region_id, name) values (85, 'Бытков');
insert into city(region_id, name) values (85, 'Верховина');
insert into city(region_id, name) values (85, 'Войнилов');
insert into city(region_id, name) values (85, 'Ворохта');
insert into city(region_id, name) values (85, 'Выгода');
insert into city(region_id, name) values (85, 'Галич');
insert into city(region_id, name) values (85, 'Гвоздец');
insert into city(region_id, name) values (85, 'Городенка');
insert into city(region_id, name) values (85, 'Делятин');
insert into city(region_id, name) values (85, 'Долина');
insert into city(region_id, name) values (85, 'Жовтень');
insert into city(region_id, name) values (85, 'Заболотов');
insert into city(region_id, name) values (85, 'Ивано-Франковск');
insert into city(region_id, name) values (85, 'Калуж');
insert into city(region_id, name) values (85, 'Калуш');
insert into city(region_id, name) values (85, 'Коломыя');
insert into city(region_id, name) values (85, 'Косов');
insert into city(region_id, name) values (85, 'Надворна');
insert into city(region_id, name) values (85, 'Надворная');
insert into city(region_id, name) values (85, 'Рогатин');
insert into city(region_id, name) values (85, 'Рожнятов');
insert into city(region_id, name) values (85, 'Снятын');
insert into city(region_id, name) values (85, 'Станиславов');
insert into city(region_id, name) values (85, 'Тлумач');
insert into city(region_id, name) values (85, 'Тысменица');
insert into city(region_id, name) values (85, 'Яремча');
insert into city(region_id, name) values (110, 'Adelaide');
insert into city(region_id, name) values (110, 'Altona');
insert into city(region_id, name) values (110, 'Amata');
insert into city(region_id, name) values (110, 'Angas Plains');
insert into city(region_id, name) values (110, 'Angle Vale');
insert into city(region_id, name) values (110, 'Appila');
insert into city(region_id, name) values (110, 'Ardrossan');
insert into city(region_id, name) values (110, 'Arno Bay');
insert into city(region_id, name) values (110, 'Athenna');
insert into city(region_id, name) values (110, 'Australia Plains');
insert into city(region_id, name) values (110, 'Avon');
insert into city(region_id, name) values (110, 'Bakara');
insert into city(region_id, name) values (110, 'Black Rock');
insert into city(region_id, name) values (110, 'Buccleuch');
insert into city(region_id, name) values (110, 'Caroline');
insert into city(region_id, name) values (110, 'Dublin');
insert into city(region_id, name) values (110, 'McLachlan');
insert into city(region_id, name) values (110, 'Meningie');
insert into city(region_id, name) values (110, 'Paratoo');
insert into city(region_id, name) values (110, 'Phillip');
insert into city(region_id, name) values (110, 'Sunny Hill');
insert into city(region_id, name) values (110, 'Whyalla');
insert into city(region_id, name) values (118, 'Adnet');
insert into city(region_id, name) values (118, 'Altenmarkt im Pongau');
insert into city(region_id, name) values (118, 'Anif');
insert into city(region_id, name) values (118, 'Annaberg');
insert into city(region_id, name) values (118, 'Bad Hofgastein');
insert into city(region_id, name) values (118, 'Berndorf bei Salzburg');
insert into city(region_id, name) values (118, 'Bischofshofen');
insert into city(region_id, name) values (118, 'Bramberg am Wildkogel');
insert into city(region_id, name) values (118, 'Bruck an der Groglocknerstrae');
insert into city(region_id, name) values (118, 'Dienten am Hochknig');
insert into city(region_id, name) values (118, 'Ebenau');
insert into city(region_id, name) values (118, 'Elixhausen');
insert into city(region_id, name) values (118, 'Fuschl am See');
insert into city(region_id, name) values (118, 'Grdig');
insert into city(region_id, name) values (118, 'Hallein');
insert into city(region_id, name) values (118, 'Henndorf am Wallersee');
insert into city(region_id, name) values (118, 'Hinterglemm');
insert into city(region_id, name) values (118, 'Hof bei Salzburg');
insert into city(region_id, name) values (118, 'Lofer');
insert into city(region_id, name) values (118, 'Oberalm');
insert into city(region_id, name) values (118, 'Saalbach');
insert into city(region_id, name) values (118, 'Saalfelden am Steinernen Meer');
insert into city(region_id, name) values (118, 'Salzburg');
insert into city(region_id, name) values (118, 'Tamsweg');
insert into city(region_id, name) values (118, 'Zell am See');
insert into city(region_id, name) values (128, 'Dures');
insert into city(region_id, name) values (128, 'Durrs');
insert into city(region_id, name) values (139, 'Бенгела');
insert into city(region_id, name) values (139, 'Лобиту');
insert into city(region_id, name) values (139, 'Луанда');
insert into city(region_id, name) values (139, 'Лубанго');
insert into city(region_id, name) values (139, 'Маланже');
insert into city(region_id, name) values (139, 'Менноге');
insert into city(region_id, name) values (139, 'Намибе');
insert into region(id, country_id, name) values (140, 9, 'Anguilla');
insert into city(region_id, name) values (9, 'Алтухово');
insert into city(region_id, name) values (9, 'Белая Березка');
insert into city(region_id, name) values (9, 'Белые Берега');
insert into city(region_id, name) values (9, 'Большое Полпино');
insert into city(region_id, name) values (9, 'Брянск');
insert into city(region_id, name) values (9, 'Бытошь');
insert into city(region_id, name) values (9, 'Выгоничи');
insert into city(region_id, name) values (9, 'Вышков');
insert into city(region_id, name) values (9, 'Гордеевка');
insert into city(region_id, name) values (9, 'Дубровка (Брянская обл.)');
insert into city(region_id, name) values (9, 'Дятьково');
insert into city(region_id, name) values (9, 'Дятьково');
insert into city(region_id, name) values (9, 'Жирятино');
insert into city(region_id, name) values (9, 'Жуковка');
insert into city(region_id, name) values (9, 'Злынка');
insert into city(region_id, name) values (9, 'Ивот');
insert into city(region_id, name) values (9, 'Карачев');
insert into city(region_id, name) values (9, 'Клетня');
insert into city(region_id, name) values (9, 'Климово');
insert into city(region_id, name) values (9, 'Клинцы');
insert into city(region_id, name) values (9, 'Кокаревка');
insert into city(region_id, name) values (9, 'Комаричи');
insert into city(region_id, name) values (9, 'Красная Гора');
insert into city(region_id, name) values (9, 'Локоть (Брянская обл.)');
insert into city(region_id, name) values (9, 'Мглин');
insert into city(region_id, name) values (9, 'Навля');
insert into city(region_id, name) values (9, 'Новозыбков');
insert into city(region_id, name) values (9, 'Погар');
insert into city(region_id, name) values (9, 'Почеп');
insert into city(region_id, name) values (9, 'Ржаница');
insert into city(region_id, name) values (9, 'Рогнедино');
insert into city(region_id, name) values (9, 'Севск');
insert into city(region_id, name) values (9, 'Стародуб');
insert into city(region_id, name) values (9, 'Суземка');
insert into city(region_id, name) values (9, 'Сураж');
insert into city(region_id, name) values (9, 'Трубчевск');
insert into city(region_id, name) values (9, 'Унеча');
insert into city(region_id, name) values (86, 'Иванков');
insert into city(region_id, name) values (86, 'Ирпень');
insert into city(region_id, name) values (86, 'Барышевка');
insert into city(region_id, name) values (86, 'Белая Церковь');
insert into city(region_id, name) values (86, 'Березань');
insert into city(region_id, name) values (86, 'Богуслав');
insert into city(region_id, name) values (86, 'Борисполь');
insert into city(region_id, name) values (86, 'Боровая');
insert into city(region_id, name) values (86, 'Бородянка');
insert into city(region_id, name) values (86, 'Боярка');
insert into city(region_id, name) values (86, 'Бровары');
insert into city(region_id, name) values (86, 'Васильков');
insert into city(region_id, name) values (86, 'Володарка');
insert into city(region_id, name) values (86, 'Ворзель');
insert into city(region_id, name) values (86, 'Вышгород');
insert into city(region_id, name) values (86, 'Гребенки');
insert into city(region_id, name) values (86, 'Дымер');
insert into city(region_id, name) values (86, 'Згуровка');
insert into city(region_id, name) values (86, 'Кагарлык');
insert into city(region_id, name) values (86, 'Калиновка');
insert into city(region_id, name) values (86, 'Киев');
insert into city(region_id, name) values (86, 'Киевская');
insert into city(region_id, name) values (86, 'Кодра');
insert into city(region_id, name) values (86, 'Кожанка');
insert into city(region_id, name) values (86, 'Козин');
insert into city(region_id, name) values (86, 'Макаров');
insert into city(region_id, name) values (86, 'Мироновка');
insert into city(region_id, name) values (86, 'Обухов');
insert into city(region_id, name) values (86, 'Переяслав-Хмельницкий');
insert into city(region_id, name) values (86, 'Полесское');
insert into city(region_id, name) values (86, 'Ракитное');
insert into city(region_id, name) values (86, 'Ржищев');
insert into city(region_id, name) values (86, 'Сквира');
insert into city(region_id, name) values (86, 'Славутич');
insert into city(region_id, name) values (86, 'Ставище');
insert into city(region_id, name) values (86, 'Тараща');
insert into city(region_id, name) values (86, 'Тетиев');
insert into city(region_id, name) values (86, 'Фастов');
insert into city(region_id, name) values (86, 'Чернобыль');
insert into city(region_id, name) values (86, 'Яготин');
insert into city(region_id, name) values (111, 'Abbotsham');
insert into city(region_id, name) values (111, 'Alanvale');
insert into city(region_id, name) values (111, 'Alcomie');
insert into city(region_id, name) values (111, 'Allen Siding');
insert into city(region_id, name) values (111, 'Alonnah');
insert into city(region_id, name) values (111, 'Andover');
insert into city(region_id, name) values (111, 'Austins Ferry');
insert into city(region_id, name) values (111, 'Back Creek');
insert into city(region_id, name) values (111, 'Baden');
insert into city(region_id, name) values (111, 'Bagdad');
insert into city(region_id, name) values (111, 'Bangor');
insert into city(region_id, name) values (111, 'Beauty Point');
insert into city(region_id, name) values (111, 'Bell Bay');
insert into city(region_id, name) values (111, 'Bellerive');
insert into city(region_id, name) values (111, 'Birralee');
insert into city(region_id, name) values (111, 'Cygnet');
insert into city(region_id, name) values (111, 'Fingal');
insert into city(region_id, name) values (111, 'Forest');
insert into city(region_id, name) values (111, 'Hobart');
insert into city(region_id, name) values (111, 'Kingston');
insert into city(region_id, name) values (111, 'Launceston');
insert into city(region_id, name) values (111, 'Myalla');
insert into city(region_id, name) values (111, 'Paradise');
insert into city(region_id, name) values (111, 'Saltwater River');
insert into city(region_id, name) values (119, 'Admont');
insert into city(region_id, name) values (119, 'Bad Gams');
insert into city(region_id, name) values (119, 'Bruck an der Mur');
insert into city(region_id, name) values (119, 'Burgau');
insert into city(region_id, name) values (119, 'Deutschlandsberg');
insert into city(region_id, name) values (119, 'Eggersdorf bei Graz');
insert into city(region_id, name) values (119, 'Gleisdorf');
insert into city(region_id, name) values (119, 'Graz');
insert into city(region_id, name) values (119, 'Hartberg');
insert into city(region_id, name) values (119, 'Judenburg');
insert into city(region_id, name) values (119, 'Kapfenberg');
insert into city(region_id, name) values (119, 'Knittelfeld');
insert into city(region_id, name) values (119, 'Leoben');
insert into city(region_id, name) values (119, 'Liezen');
insert into city(region_id, name) values (119, 'Murau');
insert into city(region_id, name) values (119, 'Mrzzuschlag');
insert into city(region_id, name) values (119, 'Schffern');
insert into city(region_id, name) values (119, 'Trofaiach');
insert into city(region_id, name) values (119, 'Voitsberg');
insert into city(region_id, name) values (119, 'Waldstein');
insert into city(region_id, name) values (129, 'Abazaj');
insert into city(region_id, name) values (129, 'Algjin');
insert into city(region_id, name) values (129, 'Algjinaj');
insert into city(region_id, name) values (129, 'Allaj');
insert into city(region_id, name) values (129, 'Arov');
insert into city(region_id, name) values (129, 'Ars');
insert into city(region_id, name) values (129, 'Zibraca');
insert into city(region_id, name) values (140, 'Ангилья');
insert into city(region_id, name) values (140, 'Сомбреро');
insert into region(id, country_id, name) values (141, 10, 'Andorra la Vella');
insert into region(id, country_id, name) values (142, 10, 'Canillo');
insert into region(id, country_id, name) values (143, 10, 'Encamp');
insert into region(id, country_id, name) values (144, 10, 'Escaldes-Engordany');
insert into region(id, country_id, name) values (145, 10, 'La Massana');
insert into region(id, country_id, name) values (146, 10, 'None');
insert into region(id, country_id, name) values (147, 10, 'Ordino');
insert into region(id, country_id, name) values (148, 10, 'Sant Julia de Loria');
insert into city(region_id, name) values (10, 'Бабушкин');
insert into city(region_id, name) values (10, 'Багдарин');
insert into city(region_id, name) values (10, 'Баргузин');
insert into city(region_id, name) values (10, 'Баянгол');
insert into city(region_id, name) values (10, 'Бичура');
insert into city(region_id, name) values (10, 'Выдрино');
insert into city(region_id, name) values (10, 'Гусиное Озеро');
insert into city(region_id, name) values (10, 'Гусиноозерск');
insert into city(region_id, name) values (10, 'Заиграево');
insert into city(region_id, name) values (10, 'Закаменск');
insert into city(region_id, name) values (10, 'Иволгинск');
insert into city(region_id, name) values (10, 'Илька');
insert into city(region_id, name) values (10, 'Кабанск');
insert into city(region_id, name) values (10, 'Каменск');
insert into city(region_id, name) values (10, 'Кижинга');
insert into city(region_id, name) values (10, 'Курумкан');
insert into city(region_id, name) values (10, 'Кырен');
insert into city(region_id, name) values (10, 'Кяхта');
insert into city(region_id, name) values (10, 'Монды');
insert into city(region_id, name) values (10, 'Мухоршибирь');
insert into city(region_id, name) values (10, 'Нижнеангарск');
insert into city(region_id, name) values (10, 'Орлик');
insert into city(region_id, name) values (10, 'Петропавловка (Бурятия)');
insert into city(region_id, name) values (10, 'Романовка (Бурятия)');
insert into city(region_id, name) values (10, 'Северобайкальск (Бурятия)');
insert into city(region_id, name) values (10, 'Селенгинск');
insert into city(region_id, name) values (10, 'Сосново-Озерское');
insert into city(region_id, name) values (10, 'Таксимо (Бурятия)');
insert into city(region_id, name) values (10, 'Турунтаево');
insert into city(region_id, name) values (10, 'Улан-Удэ');
insert into city(region_id, name) values (10, 'Хоринск');
insert into city(region_id, name) values (87, 'Александрия');
insert into city(region_id, name) values (87, 'Александровка');
insert into city(region_id, name) values (87, 'Бобринец');
insert into city(region_id, name) values (87, 'Гайворон');
insert into city(region_id, name) values (87, 'Голованевск');
insert into city(region_id, name) values (87, 'Добровеличковка');
insert into city(region_id, name) values (87, 'Долинская');
insert into city(region_id, name) values (87, 'Елизаветградка');
insert into city(region_id, name) values (87, 'Завалье');
insert into city(region_id, name) values (87, 'Знаменка');
insert into city(region_id, name) values (87, 'Знаменка-Вторая');
insert into city(region_id, name) values (87, 'Капитановка');
insert into city(region_id, name) values (87, 'Кировоград');
insert into city(region_id, name) values (87, 'Компанеевка');
insert into city(region_id, name) values (87, 'Малая Виска');
insert into city(region_id, name) values (87, 'Новгородка');
insert into city(region_id, name) values (87, 'Новоархангельск');
insert into city(region_id, name) values (87, 'Новомиргород');
insert into city(region_id, name) values (87, 'Новоукраинка');
insert into city(region_id, name) values (87, 'Ольшанка');
insert into city(region_id, name) values (87, 'Онуфриевка');
insert into city(region_id, name) values (87, 'Петрово');
insert into city(region_id, name) values (87, 'Светловодск');
insert into city(region_id, name) values (87, 'Ульяновка');
insert into city(region_id, name) values (87, 'Устиновка');
insert into city(region_id, name) values (112, 'Aberfeldy');
insert into city(region_id, name) values (112, 'Acheron');
insert into city(region_id, name) values (112, 'Adelaide Lead');
insert into city(region_id, name) values (112, 'Ailsa');
insert into city(region_id, name) values (112, 'Aireys Inlet');
insert into city(region_id, name) values (112, 'Airly');
insert into city(region_id, name) values (112, 'Alambee');
insert into city(region_id, name) values (112, 'Alberton West');
insert into city(region_id, name) values (112, 'Albion');
insert into city(region_id, name) values (112, 'Alexandra');
insert into city(region_id, name) values (112, 'Alfredton');
insert into city(region_id, name) values (112, 'Alma');
insert into city(region_id, name) values (112, 'Alvie');
insert into city(region_id, name) values (112, 'Ancona');
insert into city(region_id, name) values (112, 'Anderson');
insert into city(region_id, name) values (112, 'Antwerp');
insert into city(region_id, name) values (112, 'Armadale');
insert into city(region_id, name) values (112, 'Arnold');
insert into city(region_id, name) values (112, 'Ballam Park');
insert into city(region_id, name) values (112, 'Balook');
insert into city(region_id, name) values (112, 'Barmah');
insert into city(region_id, name) values (112, 'Bass');
insert into city(region_id, name) values (112, 'Bayswater');
insert into city(region_id, name) values (112, 'Bolton');
insert into city(region_id, name) values (112, 'Boolite');
insert into city(region_id, name) values (112, 'Brighton');
insert into city(region_id, name) values (112, 'Colac');
insert into city(region_id, name) values (112, 'Geelong');
insert into city(region_id, name) values (112, 'Horsham');
insert into city(region_id, name) values (112, 'Lubeck');
insert into city(region_id, name) values (112, 'Melbourne');
insert into city(region_id, name) values (112, 'Moorabbin');
insert into city(region_id, name) values (112, 'San Remo');
insert into city(region_id, name) values (112, 'Silver Creek');
insert into city(region_id, name) values (112, 'Snake Valley');
insert into city(region_id, name) values (112, 'South Yarra');
insert into city(region_id, name) values (112, 'Stalker');
insert into city(region_id, name) values (112, 'Syndal');
insert into city(region_id, name) values (112, 'Victoria Valley');
insert into city(region_id, name) values (112, 'Warragul');
insert into city(region_id, name) values (112, 'Wheelers Hill');
insert into city(region_id, name) values (112, 'Yarrawonga');
insert into city(region_id, name) values (120, 'Absam');
insert into city(region_id, name) values (120, 'Achenkirch');
insert into city(region_id, name) values (120, 'Ainet');
insert into city(region_id, name) values (120, 'Aldrans');
insert into city(region_id, name) values (120, 'Axams');
insert into city(region_id, name) values (120, 'Biberwier');
insert into city(region_id, name) values (120, 'Bichlbach');
insert into city(region_id, name) values (120, 'Brandenberg');
insert into city(region_id, name) values (120, 'Brixlegg');
insert into city(region_id, name) values (120, 'Dlsach');
insert into city(region_id, name) values (120, 'Elmen');
insert into city(region_id, name) values (120, 'Erl');
insert into city(region_id, name) values (120, 'Finkenberg');
insert into city(region_id, name) values (120, 'Flirsch');
insert into city(region_id, name) values (120, 'Hall in Tirol');
insert into city(region_id, name) values (120, 'Hopfgarten im Brixental');
insert into city(region_id, name) values (120, 'Innsbruck');
insert into city(region_id, name) values (120, 'Jenbach');
insert into city(region_id, name) values (120, 'Kirchdorf in Tirol');
insert into city(region_id, name) values (120, 'Kitzbhel');
insert into city(region_id, name) values (120, 'Kssen');
insert into city(region_id, name) values (120, 'Kufstein');
insert into city(region_id, name) values (120, 'Mayrhofen');
insert into city(region_id, name) values (120, 'Nauders');
insert into city(region_id, name) values (120, 'Seefeld in Tirol');
insert into city(region_id, name) values (120, 'Slden');
insert into city(region_id, name) values (120, 'Vls');
insert into city(region_id, name) values (120, 'Wenns');
insert into city(region_id, name) values (120, 'Zirl');
insert into city(region_id, name) values (130, 'Ada');
insert into city(region_id, name) values (130, 'Ad Bunac');
insert into city(region_id, name) values (141, 'Andorra');
insert into city(region_id, name) values (141, 'Andorra la Vella');
insert into city(region_id, name) values (141, 'Andorra-Vieille');
insert into region(id, country_id, name) values (149, 11, 'Антигуа и Барбуда');
insert into city(region_id, name) values (11, 'Александров');
insert into city(region_id, name) values (11, 'Андреево');
insert into city(region_id, name) values (11, 'Анопино');
insert into city(region_id, name) values (11, 'Бавлены');
insert into city(region_id, name) values (11, 'Балакирево');
insert into city(region_id, name) values (11, 'Боголюбово');
insert into city(region_id, name) values (11, 'Великодворский');
insert into city(region_id, name) values (11, 'Вербовский');
insert into city(region_id, name) values (11, 'Владимир');
insert into city(region_id, name) values (11, 'Вязники');
insert into city(region_id, name) values (11, 'Городищи (Владимирская обл.)');
insert into city(region_id, name) values (11, 'Гороховец');
insert into city(region_id, name) values (11, 'Гусевский');
insert into city(region_id, name) values (11, 'Гусь Хрустальный');
insert into city(region_id, name) values (11, 'Гусь-Хрустальный');
insert into city(region_id, name) values (11, 'Золотково');
insert into city(region_id, name) values (11, 'Иванищи');
insert into city(region_id, name) values (11, 'Камешково');
insert into city(region_id, name) values (11, 'Карабаново');
insert into city(region_id, name) values (11, 'Киржач');
insert into city(region_id, name) values (11, 'Ковров');
insert into city(region_id, name) values (11, 'Кольчугино');
insert into city(region_id, name) values (11, 'Красная Горбатка');
insert into city(region_id, name) values (11, 'Лакинск');
insert into city(region_id, name) values (11, 'Меленки');
insert into city(region_id, name) values (11, 'Муром');
insert into city(region_id, name) values (11, 'Петушки');
insert into city(region_id, name) values (11, 'Покров');
insert into city(region_id, name) values (11, 'Радужный (Владимирская обл.)');
insert into city(region_id, name) values (11, 'Собинка');
insert into city(region_id, name) values (11, 'Судогда');
insert into city(region_id, name) values (11, 'Суздаль');
insert into city(region_id, name) values (11, 'Юрьев-Польский');
insert into city(region_id, name) values (88, 'Азовское');
insert into city(region_id, name) values (88, 'Алупка');
insert into city(region_id, name) values (88, 'Алушта');
insert into city(region_id, name) values (88, 'Армянск');
insert into city(region_id, name) values (88, 'Багерово');
insert into city(region_id, name) values (88, 'Балаклава');
insert into city(region_id, name) values (88, 'Бахчисарай');
insert into city(region_id, name) values (88, 'Белогорск');
insert into city(region_id, name) values (88, 'Гаспра');
insert into city(region_id, name) values (88, 'Гвардейское');
insert into city(region_id, name) values (88, 'Гурзуф');
insert into city(region_id, name) values (88, 'Джанкой');
insert into city(region_id, name) values (88, 'Евпатория');
insert into city(region_id, name) values (88, 'Зуя');
insert into city(region_id, name) values (88, 'Керчь');
insert into city(region_id, name) values (88, 'Кировское');
insert into city(region_id, name) values (88, 'Коктебель');
insert into city(region_id, name) values (88, 'Красногвардейское');
insert into city(region_id, name) values (88, 'Красноперекопск');
insert into city(region_id, name) values (88, 'Ленино');
insert into city(region_id, name) values (88, 'Массандра');
insert into city(region_id, name) values (88, 'Нижнегорский');
insert into city(region_id, name) values (88, 'Первомайское');
insert into city(region_id, name) values (88, 'Раздольное');
insert into city(region_id, name) values (88, 'Саки');
insert into city(region_id, name) values (88, 'Севастополь');
insert into city(region_id, name) values (88, 'Симеиз');
insert into city(region_id, name) values (88, 'Сим
